id,conversation_id,created_at,date,time,timezone,user_id,username,name,place,tweet,language,mentions,urls,photos,replies_count,retweets_count,likes_count,hashtags,cashtags,link,retweet,quote_url,video,thumbnail,near,geo,source,user_rt_id,user_rt,retweet_id,reply_to,retweet_date,translate,trans_src,trans_dest
1299351808079351810,1299333315149860864,2020-08-28 10:23:06 Eastern Daylight Time,2020-08-28,10:23:06,-0400,1169278384834105344,ginny81025554,DanHongKong,,@benedictrogers @NOW4humanity Thanks for speaking up for us #fridaysforfreedom #fightforhongkong  https://t.co/pjZpzybDkh,en,[],[],['https://pbs.twimg.com/media/Egg5kqQUcAAy1cG.jpg'],0,1,2,"['fridaysforfreedom', 'fightforhongkong']",[],https://twitter.com/ginny81025554/status/1299351808079351810,False,,1,https://pbs.twimg.com/media/Egg5kqQUcAAy1cG.jpg,,,,,,,"[{'screen_name': 'benedictrogers', 'name': 'Benedict Rogers 羅傑斯', 'id': '49035671'}, {'screen_name': 'NOW4humanity', 'name': 'NOW!', 'id': '1181173040039841793'}]",,,,
1299002646112727046,1299002646112727046,2020-08-27 11:15:39 Eastern Daylight Time,2020-08-27,11:15:39,-0400,469293581,dani_tasso,Daniele Tassone,,"Razzismo e democrazia.   Sfaccettature del medesimo problema. Riproduzioni con forme diverse, in culture diverse.  Il mondo vive e soffre degli stessi argomenti in ogni suo continente.  #BlackLivesMatter  #FightForHongKong  #OpenArms",it,[],[],[],1,0,2,"['blacklivesmatter', 'fightforhongkong', 'openarms']",[],https://twitter.com/Dani_Tasso/status/1299002646112727046,False,,0,,,,,,,,[],,,,
1298196094975868932,1298196094975868932,2020-08-25 05:50:43 Eastern Daylight Time,2020-08-25,05:50:43,-0400,1101214350231195648,peterhjorth_ddp,Peter Hjorth - Det Demokratiske Parti - 🇩🇰 🌎,,How to stop China in Hong Kong. Read the new report from the Danish Think Tank CIPO.  #dkpol #kina #HongKongProtest #FightForHongKong #PrayForHongKong #NoChinaExtradition #HongKongProtest #HongKong #StandWithHongKong #HKPolice #FIVEDEMANDS #NOEXTRADITIONTOCHINA #hongkongers  https://t.co/Cb74ESAi95,en,[],[],['https://pbs.twimg.com/media/EgQeVFKWoAAvBO0.jpg'],0,0,0,"['dkpol', 'kina', 'hongkongprotest', 'fightforhongkong', 'prayforhongkong', 'nochinaextradition', 'hongkongprotest', 'hongkong', 'standwithhongkong', 'hkpolice', 'fivedemands', 'noextraditiontochina', 'hongkongers']",[],https://twitter.com/PeterHjorth_DDP/status/1298196094975868932,False,,1,https://pbs.twimg.com/media/EgQeVFKWoAAvBO0.jpg,,,,,,,[],,,,
1297871481687416834,1297871481687416834,2020-08-24 08:20:49 Eastern Daylight Time,2020-08-24,08:20:49,-0400,1101214350231195648,peterhjorth_ddp,Peter Hjorth - Det Demokratiske Parti - 🇩🇰 🌎,,How to stop China in Hong Kong. Read the new report from the Danish Think Tank CIPO.  #dkpol #kina #HongKongProtest #FightForHongKong #PrayForHongKong #WeAreNotAlone  #HongKongProtest #HongKong #StandWithHongKong #HKPolice #FIVEDEMANDS #NOEXTRADITIONTOCHINA #hongkongers  https://t.co/mxGyBsXgQd,en,[],[],['https://pbs.twimg.com/media/EgL3GPJXYAEL27L.jpg'],0,0,0,"['dkpol', 'kina', 'hongkongprotest', 'fightforhongkong', 'prayforhongkong', 'wearenotalone', 'hongkongprotest', 'hongkong', 'standwithhongkong', 'hkpolice', 'fivedemands', 'noextraditiontochina', 'hongkongers']",[],https://twitter.com/PeterHjorth_DDP/status/1297871481687416834,False,,1,https://pbs.twimg.com/media/EgL3GPJXYAEL27L.jpg,,,,,,,[],,,,
1297828747391967232,1297828747391967232,2020-08-24 05:31:00 Eastern Daylight Time,2020-08-24,05:31:00,-0400,1256579251261890562,cipopolitik,CIPO - Center for Innovativ Politik,,War or communism?   https://t.co/V2kQTvR2wr  #HongKongProtest #FightForHongKong #PrayForHongKong #WeAreNotAlone #NoChinaExtradition #HongKongProtest #HongKong #StandWithHongKong #HKPolice #fivedemands #hongkongers #noextraditiontochina  https://t.co/G2BIpGK85X,en,[],['https://mcusercontent.com/6f9d5e9a9aeea020af25632b2/files/5bc0c0c4-8df5-4caa-8984-0a97df3e83ec/HKChina2020byCIPO_1.pdf'],['https://pbs.twimg.com/media/EgLQN68XsAAQPRm.jpg'],0,0,1,"['hongkongprotest', 'fightforhongkong', 'prayforhongkong', 'wearenotalone', 'nochinaextradition', 'hongkongprotest', 'hongkong', 'standwithhongkong', 'hkpolice', 'fivedemands', 'hongkongers', 'noextraditiontochina']",[],https://twitter.com/CipoPolitik/status/1297828747391967232,False,,1,https://pbs.twimg.com/media/EgLQN68XsAAQPRm.jpg,,,,,,,[],,,,
1297813599310827520,1297813599310827520,2020-08-24 04:30:48 Eastern Daylight Time,2020-08-24,04:30:48,-0400,1101214350231195648,peterhjorth_ddp,Peter Hjorth - Det Demokratiske Parti - 🇩🇰 🌎,,How to stop China in Hong Kong. Read the new report from the Danish Think Tank CIPO.  #dkpol #kina #HongKongProtest #FightForHongKong #PrayForHongKong #WeAreNotAlone #HongKongProtest #HongKong #StandWithHongKong #HKPolice #FIVEDEMANDS #NOEXTRADITIONTOCHINA #hongkongers  https://t.co/NfcDx4lPHI,en,[],[],['https://pbs.twimg.com/media/EgLCcssXoAA-hyI.jpg'],0,0,0,"['dkpol', 'kina', 'hongkongprotest', 'fightforhongkong', 'prayforhongkong', 'wearenotalone', 'hongkongprotest', 'hongkong', 'standwithhongkong', 'hkpolice', 'fivedemands', 'noextraditiontochina', 'hongkongers']",[],https://twitter.com/PeterHjorth_DDP/status/1297813599310827520,False,,1,https://pbs.twimg.com/media/EgLCcssXoAA-hyI.jpg,,,,,,,[],,,,
1297755738224365568,1297755738224365568,2020-08-24 00:40:53 Eastern Daylight Time,2020-08-24,00:40:53,-0400,1256579251261890562,cipopolitik,CIPO - Center for Innovativ Politik,,Read the report today: How to stop China in Hong Kong   https://t.co/V2kQTvR2wr  #HongKongProtest #FightForHongKong #PrayForHongKong #WeAreNotAlone #NoChinaExtradition #HongKongProtest #HongKong #StandWithHongKong #HKPolice #fivedemands #hongkongers #noextraditiontochina  https://t.co/pjSDlKeRW0,en,[],['https://mcusercontent.com/6f9d5e9a9aeea020af25632b2/files/5bc0c0c4-8df5-4caa-8984-0a97df3e83ec/HKChina2020byCIPO_1.pdf'],['https://pbs.twimg.com/media/EgKN0hrXgAIl3dP.jpg'],0,0,0,"['hongkongprotest', 'fightforhongkong', 'prayforhongkong', 'wearenotalone', 'nochinaextradition', 'hongkongprotest', 'hongkong', 'standwithhongkong', 'hkpolice', 'fivedemands', 'hongkongers', 'noextraditiontochina']",[],https://twitter.com/CipoPolitik/status/1297755738224365568,False,,1,https://pbs.twimg.com/media/EgKN0hrXgAIl3dP.jpg,,,,,,,[],,,,
1297686462956265472,1297686462956265472,2020-08-23 20:05:37 Eastern Daylight Time,2020-08-23,20:05:37,-0400,1256579251261890562,cipopolitik,CIPO - Center for Innovativ Politik,,China will never stop.  #HongKongProtest #FightForHongKong #PrayForHongKong #WeAreNotAlone #NoChinaExtradition #HongKongProtest #HongKong #StandWithHongKong #HKPolice #fivedemands #hongkongers #noextraditiontochina  https://t.co/bRiO8eJMjv,en,[],[],['https://pbs.twimg.com/media/EgJO1gNXgAA1WF5.jpg'],0,0,0,"['hongkongprotest', 'fightforhongkong', 'prayforhongkong', 'wearenotalone', 'nochinaextradition', 'hongkongprotest', 'hongkong', 'standwithhongkong', 'hkpolice', 'fivedemands', 'hongkongers', 'noextraditiontochina']",[],https://twitter.com/CipoPolitik/status/1297686462956265472,False,,1,https://pbs.twimg.com/media/EgJO1gNXgAA1WF5.jpg,,,,,,,[],,,,
1297625854282014720,1297625854282014720,2020-08-23 16:04:47 Eastern Daylight Time,2020-08-23,16:04:47,-0400,1256579251261890562,cipopolitik,CIPO - Center for Innovativ Politik,,China want to dominate the World   Get the report here:   https://t.co/V2kQTvR2wr  #HongKongProtest #FightForHongKong #PrayForHongKong #WeAreNotAlone #NoChinaExtradition #HongKongProtest #HongKong #StandWithHongKong #HKPolice #FIVEDEMANDS #NOEXTRADITIONTOCHINA  https://t.co/PbpjQMo9jk,en,[],['https://mcusercontent.com/6f9d5e9a9aeea020af25632b2/files/5bc0c0c4-8df5-4caa-8984-0a97df3e83ec/HKChina2020byCIPO_1.pdf'],['https://pbs.twimg.com/media/EgIXtCgXYAAvHcF.jpg'],1,0,1,"['hongkongprotest', 'fightforhongkong', 'prayforhongkong', 'wearenotalone', 'nochinaextradition', 'hongkongprotest', 'hongkong', 'standwithhongkong', 'hkpolice', 'fivedemands', 'noextraditiontochina']",[],https://twitter.com/CipoPolitik/status/1297625854282014720,False,,1,https://pbs.twimg.com/media/EgIXtCgXYAAvHcF.jpg,,,,,,,[],,,,
1297222983208116227,1297222983208116227,2020-08-22 13:23:55 Eastern Daylight Time,2020-08-22,13:23:55,-0400,1295685359993487363,the_lapalissian,The Lapalissian,, https://t.co/8lgfzmGtav   #lukashenko #Tikhanovskaya #Minsk #FightForHongKong #Navalny #putin  https://t.co/t7pKvpdcuK,und,[],['https://thelapalissian.wordpress.com/2020/08/22/164/'],['https://pbs.twimg.com/media/EgCpaR9XkAA48w4.jpg'],0,1,2,"['lukashenko', 'tikhanovskaya', 'minsk', 'fightforhongkong', 'navalny', 'putin']",[],https://twitter.com/the_lapalissian/status/1297222983208116227,False,,1,https://pbs.twimg.com/media/EgCpaR9XkAA48w4.jpg,,,,,,,[],,,,
1297210495385112577,1297210495385112577,2020-08-22 12:34:17 Eastern Daylight Time,2020-08-22,12:34:17,-0400,1295685359993487363,the_lapalissian,The Lapalissian,,"Sappiamo tutti che i dittatori fanno solo una cosa utile:generare meme. (""Wide Putin starts playing"") Leggi il Post completo su:  https://t.co/8lgfzmGtav  #lukashenko #Tikhanovskaya #Minsk #putin #FightForHongKong #Navalny",it,[],['https://thelapalissian.wordpress.com/2020/08/22/164/'],[],0,2,3,"['lukashenko', 'tikhanovskaya', 'minsk', 'putin', 'fightforhongkong', 'navalny']",[],https://twitter.com/the_lapalissian/status/1297210495385112577,False,,0,,,,,,,,[],,,,
1296098754362314754,1295677095784230914,2020-08-19 10:56:38 Eastern Daylight Time,2020-08-19,10:56:38,-0400,1295682019758936065,korn_bianca,Bianca Korn,,@StandwithHK_JPN Thank you japan brother and sister!! #freehongkong #fightforhongkong,en,[],[],[],0,0,0,"['freehongkong', 'fightforhongkong']",[],https://twitter.com/korn_bianca/status/1296098754362314754,False,,0,,,,,,,,"[{'screen_name': 'StandwithHK_JPN', 'name': 'Stand with HK@JPN', 'id': '1178729984631795712'}]",,,,
1294531639310192641,1294531639310192641,2020-08-15 03:09:28 Eastern Daylight Time,2020-08-15,03:09:28,-0400,143181186,frankseier,Frank Seier (FKA Right2Respect),,Joshua Wong: ‘Forms of resistance need to be fluid and flexible’ #FightForHongKong #HongKongProtest   https://t.co/COPpnczKp4,en,[],['https://www.theguardian.com/lifeandstyle/2020/aug/15/joshua-wong-forms-of-resistance-protest-hong-kong-beijing?CMP=Share_iOSApp_Other'],[],0,0,0,"['fightforhongkong', 'hongkongprotest']",[],https://twitter.com/FrankSeier/status/1294531639310192641,False,,0,,,,,,,,[],,,,
1293598572827439105,1293598572827439105,2020-08-12 13:21:48 Eastern Daylight Time,2020-08-12,13:21:48,-0400,1249719013199892483,sriibjpamarvela,SaiKarthiVelamiNmnmRRisiProwna,,No to Chinese  #boycottchina #boycottmulan #saynotochina #boycottbeijing #chinazi #nochinaextradition #hongkongisnotchina #standagainsttyranny #fightfordemocracy #noextradictiontochina #policebrutality #standwithhk #fightforhongkong #endpolicebrutality #antichinazi  https://t.co/3jtJQ4j3t7,en,[],[],['https://pbs.twimg.com/media/EfPJC7-U4AAwy_M.jpg'],2,0,0,"['boycottchina', 'boycottmulan', 'saynotochina', 'boycottbeijing', 'chinazi', 'nochinaextradition', 'hongkongisnotchina', 'standagainsttyranny', 'fightfordemocracy', 'noextradictiontochina', 'policebrutality', 'standwithhk', 'fightforhongkong', 'endpolicebrutality', 'antichinazi']",[],https://twitter.com/SriiBJPAmarvela/status/1293598572827439105,False,,1,https://pbs.twimg.com/media/EfPJC7-U4AAwy_M.jpg,,,,,,,[],,,,
1293500593877577728,1293480746665914370,2020-08-12 06:52:28 Eastern Daylight Time,2020-08-12,06:52:28,-0400,3804755545,ansumo888,あんすも #反差別 #共生 #StopAsianHate,,日本も香港の民主主義に関してどーするの？？ #Fightforhongkong   #国会前　 #香港を守れ #香港の自由と民主主義のために日本政府の対応を求めます #StandWithHongKong  #HongKong  #FreeAgnes  #国家安全法 #香港🇭🇰  8月12日水曜日　18:00〜20:00 国会正門前北側  https://t.co/1YfyazZv2U,ja,[],[],"['https://pbs.twimg.com/media/EfNv7CTUYAEH9Vt.jpg', 'https://pbs.twimg.com/media/EfNv7CRUwAAsS-M.jpg', 'https://pbs.twimg.com/media/EfNv7CSU4AAXvFC.jpg', 'https://pbs.twimg.com/media/EfNv7CUU0AEnbpO.jpg']",0,1,2,"['fightforhongkong', '国会前', '香港を守れ', '香港の自由と民主主義のために日本政府の対応を求めます', 'standwithhongkong', 'hongkong', 'freeagnes', '国家安全法', '香港']",[],https://twitter.com/ansumo888/status/1293500593877577728,False,,1,https://pbs.twimg.com/media/EfNv7CTUYAEH9Vt.jpg,,,,,,,[],,,,
1293498294266523653,1293480746665914370,2020-08-12 06:43:20 Eastern Daylight Time,2020-08-12,06:43:20,-0400,3804755545,ansumo888,あんすも #反差別 #共生 #StopAsianHate,,我支持你🇭🇰  #Fightforhongkong   #香港加油🇭🇰 #香港を守れ #香港の自由と民主主義のために日本政府の対応を求めます #StandWithHongKong  #HongKong  #FreeAgnes  #国家安全法 #香港🇭🇰  8月12日水曜日　18:00〜20:00 国会正門前北側  https://t.co/eY21GwmkBi,ja,[],[],"['https://pbs.twimg.com/media/EfNt1UDUMAAy7ej.jpg', 'https://pbs.twimg.com/media/EfNt1UEUcAIhpSF.jpg', 'https://pbs.twimg.com/media/EfNt1UIU4AI9Heo.jpg', 'https://pbs.twimg.com/media/EfNt1UJUMAAU_ML.jpg']",1,4,3,"['fightforhongkong', '香港加油', '香港を守れ', '香港の自由と民主主義のために日本政府の対応を求めます', 'standwithhongkong', 'hongkong', 'freeagnes', '国家安全法', '香港']",[],https://twitter.com/ansumo888/status/1293498294266523653,False,,1,https://pbs.twimg.com/media/EfNt1UDUMAAy7ej.jpg,,,,,,,[],,,,
1293496510852640768,1293480746665914370,2020-08-12 06:36:14 Eastern Daylight Time,2020-08-12,06:36:14,-0400,3804755545,ansumo888,あんすも #反差別 #共生 #StopAsianHate,,黄色い横断幕🍋🇭🇰🐈 #Fightforhongkong   #国会前　 #香港を守れ #香港の自由と民主主義のために日本政府の対応を求めます #StandWithHongKong  #HongKong  #FreeAgnes  #国家安全法 #香港🇭🇰  8月12日水曜日　18:00〜20:00 国会正門前北側  https://t.co/YNXXCDSIUV,ja,[],[],['https://pbs.twimg.com/media/EfNsNqRVoAEkg8b.jpg'],1,1,2,"['fightforhongkong', '国会前', '香港を守れ', '香港の自由と民主主義のために日本政府の対応を求めます', 'standwithhongkong', 'hongkong', 'freeagnes', '国家安全法', '香港']",[],https://twitter.com/ansumo888/status/1293496510852640768,False,,1,https://pbs.twimg.com/media/EfNsNqRVoAEkg8b.jpg,,,,,,,[],,,,
1293384527939690497,1293384527939690497,2020-08-11 23:11:16 Eastern Daylight Time,2020-08-11,23:11:16,-0400,2341392072,brian_hw_mak,Brian HW Mak,,#FreeAgness #FightForFreedom #StandWithHongKong #fightforHONGKONG,und,[],[],[],0,0,1,"['freeagness', 'fightforfreedom', 'standwithhongkong', 'fightforhongkong']",[],https://twitter.com/Brian_HW_Mak/status/1293384527939690497,False,https://twitter.com/hkgetv/status/1293035535687008256,0,,,,,,,,[],,,,
1292840368912961537,1292840368912961537,2020-08-10 11:08:58 Eastern Daylight Time,2020-08-10,11:08:58,-0400,1272928562,nielsbobojesen,Niels Bo Bojesen,,#Hongkongers  #hongkong #beijing #china #HongKongProtest #hongkongprotests #1country2systemsisdead #FightForHongKong #HongKongWay  #HKWay  https://t.co/CxhgiiEAQM,und,[],[],['https://pbs.twimg.com/media/EfEXc0_XkAAPr84.jpg'],1,1,3,"['hongkongers', 'hongkong', 'beijing', 'china', 'hongkongprotest', 'hongkongprotests', '1country2systemsisdead', 'fightforhongkong', 'hongkongway', 'hkway']",[],https://twitter.com/nielsbobojesen/status/1292840368912961537,False,,1,https://pbs.twimg.com/media/EfEXc0_XkAAPr84.jpg,,,,,,,[],,,,
1292625572800036865,1292625572800036865,2020-08-09 20:55:27 Eastern Daylight Time,2020-08-09,20:55:27,-0400,1185921430895988738,sammyin1,Sammyin,,How crazy it can be...catch the boss of the newspaper and charge him against the National Security Law  #CCP_is_terrorist  #FightforHongKong #FightforDemocracy  #NationalSecurityLaw,en,[],[],[],0,0,0,"['ccp_is_terrorist', 'fightforhongkong', 'fightfordemocracy', 'nationalsecuritylaw']",[],https://twitter.com/Sammyin1/status/1292625572800036865,False,https://twitter.com/HawleyMO/status/1292602558033342464,0,,,,,,,,[],,,,
1291603718798839811,1291603718798839811,2020-08-07 01:14:58 Eastern Daylight Time,2020-08-07,01:14:58,-0400,1245766807,ravikanths_,RAVIKANTH S,,#boycottchina #hongkong #freehk #boycottmulan #saynotochina #boycottbeijing #chinazi #nochinaextradition #hongkongisnotchina #standagainsttyranny #fightfordemocracy #noextradictiontochina #policebrutality #standwithhk #fightforhongkong #endpolicebrutality,und,[],[],[],0,0,0,"['boycottchina', 'hongkong', 'freehk', 'boycottmulan', 'saynotochina', 'boycottbeijing', 'chinazi', 'nochinaextradition', 'hongkongisnotchina', 'standagainsttyranny', 'fightfordemocracy', 'noextradictiontochina', 'policebrutality', 'standwithhk', 'fightforhongkong', 'endpolicebrutality']",[],https://twitter.com/RavikanthS_/status/1291603718798839811,False,https://twitter.com/RavikanthS_/status/1291602307843465219,0,,,,,,,,[],,,,
1290635284770508803,1290635284770508803,2020-08-04 09:06:45 Eastern Daylight Time,2020-08-04,09:06:45,-0400,1270408871459336192,roller_up_1,Roller up,, https://t.co/B5KWeYZE6t #boycottchina #hongkong #freehk #boycottmulan #saynotochina #boycottbeijing #chinazi #nochinaextradition #hongkongisnotchina #standagainsttyranny #fightfordemocracy #noextradictiontochina #policebrutality #standwithhk #fightforhongkong #endpolicebrutality,und,[],['https://youtu.be/Ryct6IE9ZE8'],[],0,0,0,"['boycottchina', 'hongkong', 'freehk', 'boycottmulan', 'saynotochina', 'boycottbeijing', 'chinazi', 'nochinaextradition', 'hongkongisnotchina', 'standagainsttyranny', 'fightfordemocracy', 'noextradictiontochina', 'policebrutality', 'standwithhk', 'fightforhongkong', 'endpolicebrutality']",[],https://twitter.com/roller_up_1/status/1290635284770508803,False,,0,,,,,,,,[],,,,
1289453209300250624,1289453209300250624,2020-08-01 02:49:36 Eastern Daylight Time,2020-08-01,02:49:36,-0400,163554873,twswhk,巨蜥,,Heartbreaking...😭 we have to do whatever we can do to #FightForHongKong  #StandWithHongKong,en,[],[],[],0,0,0,"['fightforhongkong', 'standwithhongkong']",[],https://twitter.com/TWSWHK/status/1289453209300250624,False,https://twitter.com/nathanlawkc/status/1289228646280962055,0,,,,,,,,[],,,,
1288834347278176258,1288834347278176258,2020-07-30 09:50:28 Eastern Daylight Time,2020-07-30,09:50:28,-0400,14748929,nyw,Louis Ng,,So unfair but expected of the ccp #injustice #ChineseDemocracy #fightforhongkong #ILoveHongKong,en,[],[],[],0,0,2,"['injustice', 'chinesedemocracy', 'fightforhongkong', 'ilovehongkong']",[],https://twitter.com/Nyw/status/1288834347278176258,False,https://twitter.com/joshuawongcf/status/1288755150031589376,0,,,,,,,,[],,,,
1286825359191703557,1286825359191703557,2020-07-24 20:47:28 Eastern Daylight Time,2020-07-24,20:47:28,-0400,108665128,revmahoney,Rev. Patrick Mahoney,,I am PROUD and HONORED to be called a Hong Konger. On with the revolution! #HongKong @Stand_with_HK @hkdc_us @hk_watch @FreedomHKG @HongKongFP @BeWaterHKG @SolomonYue @dc4_hk @joshuawongcf #FightForHongKong #standwithhonkong #HKer #FiveDemands #Freedom    https://t.co/JTsgtliVdl,en,"[{'screen_name': 'stand_with_hk', 'name': 'fight for freedom. stand with hong kong. 重光團隊', 'id': '934174143939055617'}, {'screen_name': 'hkdc_us', 'name': 'hkdc - hong kong democracy council', 'id': '1170411750841176064'}, {'screen_name': 'hk_watch', 'name': 'hong kong watch', 'id': '914877149164789760'}, {'screen_name': 'freedomhkg', 'name': 'freedom hk', 'id': '1141725083099992064'}, {'screen_name': 'bewaterhkg', 'name': 'bewater hk/gohk', 'id': '1340121757194313728'}, {'screen_name': 'solomonyue', 'name': 'solomon yue', 'id': '1339488762'}, {'screen_name': 'dc4_hk', 'name': 'dc4hk - washingtonians supporting hong kong 😷', 'id': '1172290466210934785'}, {'screen_name': 'joshuawongcf', 'name': 'joshua wong 黃之鋒 😷', 'id': '18798768'}]",['https://twitter.com/i/status/1286484991380201472'],[],32,352,756,"['hongkong', 'fightforhongkong', 'standwithhonkong', 'hker', 'fivedemands', 'freedom']",[],https://twitter.com/revmahoney/status/1286825359191703557,False,https://twitter.com/i/status/1286484991380201472,0,,,,,,,,[],,,,
1285785401781706752,1285785401781706752,2020-07-21 23:55:03 Eastern Daylight Time,2020-07-21,23:55:03,-0400,2588908243,ap_writers,Asia Pacific Writers & Translators,,SAVE THE DATE: APWT presents Hope for Hong Kong a trans-oceanic online reading event connecting a number of Hong Kong affiliated authors and poets from all over the world. Saturday 1st August! The reading link will be posted closer to the event #APWT2020  #FightForHongKong  https://t.co/VBL9eOLJSf,en,[],[],['https://pbs.twimg.com/media/EdgGu3vVAAEUodR.jpg'],0,1,2,"['apwt2020', 'fightforhongkong']",[],https://twitter.com/ap_writers/status/1285785401781706752,False,,1,https://pbs.twimg.com/media/EdgGu3vVAAEUodR.jpg,,,,,,,[],,,,
1285255561974632448,1285255561974632448,2020-07-20 12:49:39 Eastern Daylight Time,2020-07-20,12:49:39,-0400,915035514436308992,musedelale9ende,laMuse.de.la.lé9ende,,"No. 2 - Sunday, 19 July 2020 at the Chinese Consulate in Toronto. #FightForHongKong #HongKongProtest #StandWithHongKong #Kovrig #Spavor #Uyghurs  https://t.co/kfyo1fIMGy",en,[],[],[],0,1,0,"['fightforhongkong', 'hongkongprotest', 'standwithhongkong', 'kovrig', 'spavor', 'uyghurs']",[],https://twitter.com/MusedelaLe9ende/status/1285255561974632448,False,,1,https://pbs.twimg.com/ext_tw_video_thumb/1285253600042770432/pu/img/40UzdLP7K0ttX_2H.jpg,,,,,,,[],,,,
1285253393896935425,1285253393896935425,2020-07-20 12:41:02 Eastern Daylight Time,2020-07-20,12:41:02,-0400,915035514436308992,musedelale9ende,laMuse.de.la.lé9ende,,"Sunday, 19 July 2020 at the Chinese Consulate in Toronto. #FightForHongKong #HongKongProtest #StandWithHongKong  https://t.co/DKdHDsQ0u5",en,[],[],[],0,1,1,"['fightforhongkong', 'hongkongprotest', 'standwithhongkong']",[],https://twitter.com/MusedelaLe9ende/status/1285253393896935425,False,,1,https://pbs.twimg.com/ext_tw_video_thumb/1285252509716623361/pu/img/4AkH8V6cLcxUb_Uo.jpg,,,,,,,[],,,,
1285252031285002245,1285252031285002245,2020-07-20 12:35:37 Eastern Daylight Time,2020-07-20,12:35:37,-0400,915035514436308992,musedelale9ende,laMuse.de.la.lé9ende,,The Economist - June 2019 @TheEconomist @HanRongWu  #FightForHongKong #HongKongProtest #StandWithHongKong  https://t.co/QFu2fl0cQf,en,"[{'screen_name': 'theeconomist', 'name': 'the economist', 'id': '5988062'}, {'screen_name': 'hanrongwu', 'name': '吳夏夏', 'id': '477887241'}]",[],['https://pbs.twimg.com/media/EdYfxNcWoAAQBqL.jpg'],0,0,0,"['fightforhongkong', 'hongkongprotest', 'standwithhongkong']",[],https://twitter.com/MusedelaLe9ende/status/1285252031285002245,False,,1,https://pbs.twimg.com/media/EdYfxNcWoAAQBqL.jpg,,,,,,,[],,,,
1282383059036377089,1282267087507820551,2020-07-12 14:35:21 Eastern Daylight Time,2020-07-12,14:35:21,-0400,101464110,dashavatarkalki,'V.C.                                       B.V.M.,,@tomgrundy Peaceful civil disobedience en masse is the easiest &amp; clearest path forward for #HongKong HongKongers - #FightForHongKong ✌️  🙌🇭🇰#GloryToHongKong🇭🇰🙌  .@appledaily_hk @HongKongFP @HongKongRugby @HongKongRugby @HongKongPLG @SCMPHongKong @SkyNewsBreak @STcom @SweMFA @SwedenUN @wef  https://t.co/NAjwNI6jWP,en,"[{'screen_name': 'appledaily_hk', 'name': 'apple daily hk 蘋果日報', 'id': '70889420'}, {'screen_name': 'hongkongrugby', 'name': 'hkru', 'id': '188683463'}, {'screen_name': 'hongkongrugby', 'name': 'hkru', 'id': '188683463'}, {'screen_name': 'hongkongplg', 'name': 'progressive lawyers group 法政匯思', 'id': '861437709943844864'}, {'screen_name': 'scmphongkong', 'name': 'scmp hong kong', 'id': '1161804899971026944'}, {'screen_name': 'skynewsbreak', 'name': 'sky news breaking', 'id': '87416722'}, {'screen_name': 'swemfa', 'name': 'swedish ministry for foreign affairs', 'id': '147512019'}, {'screen_name': 'swedenun', 'name': 'swedenun 🇸🇪', 'id': '482353209'}, {'screen_name': 'wef', 'name': 'world economic forum', 'id': '5120691'}]",[],['https://pbs.twimg.com/tweet_video_thumb/EcvwlQPWkAInpJ4.jpg'],0,0,0,"['hongkong', 'fightforhongkong', 'glorytohongkong']",[],https://twitter.com/DashavatarKalki/status/1282383059036377089,False,,1,https://pbs.twimg.com/tweet_video_thumb/EcvwlQPWkAInpJ4.jpg,,,,,,,"[{'screen_name': 'tomgrundy', 'name': 'Tom Grundy', 'id': '74418756'}]",,,,
1281392386979934209,1281392386979934209,2020-07-09 20:58:46 Eastern Daylight Time,2020-07-09,20:58:46,-0400,1232803190581559296,kerdolegal,Kerdo Legal,,Here is the link to yesterday's joint statement from Alan Trudge and Scott Morrison about special visa arrangements for Hong Kong passport holders  https://t.co/QuV59WCrAV   #FightForHongKong #HongKongProtests #KerdoLegal #ImmigrationLaw #Ethical #Responsible #Professional,en,[],['https://minister.homeaffairs.gov.au/alantudge/Pages/hong-kong-visa-arrangement-20200709.aspx'],[],0,0,0,"['fightforhongkong', 'hongkongprotests', 'kerdolegal', 'immigrationlaw', 'ethical', 'responsible', 'professional']",[],https://twitter.com/KerdoLegal/status/1281392386979934209,False,,0,,,,,,,,[],,,,
1281391615311896576,1281391615311896576,2020-07-09 20:55:42 Eastern Daylight Time,2020-07-09,20:55:42,-0400,1232803190581559296,kerdolegal,Kerdo Legal,,Visas are being extended for Hong Kong citizens. Here is what's changing:  https://t.co/JHg5PwEX7Z  #FightForHongKong #HongKongProtests #KerdoLegal #ImmigrationLaw #Ethical #Responsible #Professional,en,[],['https://www.abc.net.au/news/2020-07-09/hong-kong-visa-extension-who-qualifies-who-does-not/12439044'],[],0,0,0,"['fightforhongkong', 'hongkongprotests', 'kerdolegal', 'immigrationlaw', 'ethical', 'responsible', 'professional']",[],https://twitter.com/KerdoLegal/status/1281391615311896576,False,,0,,,,,,,,[],,,,
1281108386046599169,1281108386046599169,2020-07-09 02:10:15 Eastern Daylight Time,2020-07-09,02:10:15,-0400,1232803190581559296,kerdolegal,Kerdo Legal,,We support Australia’s consideration to offer safe haven visas to Hong Kong residents following China’s oppressive security laws. #FightForHongKong #HongKongProtests  We are ready to assist any Hong Kong citizen. See the link below and call our HOTLINE:  https://t.co/OtvW2MD1oI,en,[],['https://www.kerdolegal.com.au/hong-kong-citizens-in-australia/'],[],0,0,1,"['fightforhongkong', 'hongkongprotests']",[],https://twitter.com/KerdoLegal/status/1281108386046599169,False,,0,,,,,,,,[],,,,
1280900747278901248,1280900747278901248,2020-07-08 12:25:10 Eastern Daylight Time,2020-07-08,12:25:10,-0400,24461701,franktoartist,Frank To,,#umbrellamovement #hongkongprotest #hkhumanrights #standwithhk #fightforhongkong #hongkongprotest #hongkongdemocracy #hongkongdemocracynow #amnestyhk  #amnestyinternational #5demandsnot1less #freehongkong #savehongkong #pressfreedom #communistterror #chinaliedpeopledied  https://t.co/fxtVVE6dtg,und,[],[],['https://pbs.twimg.com/media/Ecasb1KXYAEQYRQ.jpg'],0,0,0,"['umbrellamovement', 'hongkongprotest', 'hkhumanrights', 'standwithhk', 'fightforhongkong', 'hongkongprotest', 'hongkongdemocracy', 'hongkongdemocracynow', 'amnestyhk', 'amnestyinternational', '5demandsnot1less', 'freehongkong', 'savehongkong', 'pressfreedom', 'communistterror', 'chinaliedpeopledied']",[],https://twitter.com/FrankToArtist/status/1280900747278901248,False,,1,https://pbs.twimg.com/media/Ecasb1KXYAEQYRQ.jpg,,,,,,,[],,,,
1280362679811444736,1280310515915513866,2020-07-07 00:47:05 Eastern Daylight Time,2020-07-07,00:47:05,-0400,487299759,ohhellodude,freedomwarrior,,@SecPompeo We condemn Bolton as well.  #Fightforhongkong,en,[],[],[],0,0,0,['fightforhongkong'],[],https://twitter.com/ohhellodude/status/1280362679811444736,False,,0,,,,,,,,"[{'screen_name': 'SecPompeo', 'name': 'Secretary Pompeo', 'id': '988573326376427520'}]",,,,
1280347069517946880,1279585827350122496,2020-07-06 23:45:03 Eastern Daylight Time,2020-07-06,23:45:03,-0400,991938539968499712,stockjoke,Stock Joker,,@elonmusk @elonmusk knows the communist 🇨🇳 #CCP 🇨🇳 is a failure! #FreeHongKong!!! #hongkongpolicebrutality #noextraditiontochina #hongkongisnotchina #nochinaextradition #hkprotests #therevolutionofourtimes #fightforhongkong,en,[],[],[],0,0,0,"['ccp', 'freehongkong', 'hongkongpolicebrutality', 'noextraditiontochina', 'hongkongisnotchina', 'nochinaextradition', 'hkprotests', 'therevolutionofourtimes', 'fightforhongkong']",[],https://twitter.com/StockJoke/status/1280347069517946880,False,,0,,,,,,,,"[{'screen_name': 'elonmusk', 'name': 'Elon Musk', 'id': '44196397'}]",,,,
1280051073881903104,1280051073881903104,2020-07-06 04:08:52 Eastern Daylight Time,2020-07-06,04:08:52,-0400,779985716877164544,unchain_hk,We_are_Annonymous 杰佛里,,UK should ban all extradition to China and HongKong immediately! Show some leadership!! @DominicRaab @foreignoffice @ChineseEmbinUK @nathanlawkc #fightforhongkong #LiberateHongKong #HongKongPoliceBrutality  https://t.co/Do9JnRqrPF,en,"[{'screen_name': 'dominicraab', 'name': 'dominic raab', 'id': '4764882552'}, {'screen_name': 'foreignoffice', 'name': 'foreign office', 'id': '1300912573739663361'}, {'screen_name': 'chineseembinuk', 'name': 'chinese embassy in uk', 'id': '1194927873171296257'}, {'screen_name': 'nathanlawkc', 'name': 'nathan law 羅冠聰', 'id': '735811158469423105'}]",[],['https://pbs.twimg.com/media/EcOnIwQX0AIhsMP.jpg'],0,0,0,"['fightforhongkong', 'liberatehongkong', 'hongkongpolicebrutality']",[],https://twitter.com/Unchain_HK/status/1280051073881903104,False,,1,https://pbs.twimg.com/media/EcOnIwQX0AIhsMP.jpg,,,,,,,[],,,,
1280044243466235904,1280044243466235904,2020-07-06 03:41:44 Eastern Daylight Time,2020-07-06,03:41:44,-0400,152299725,dhrvptl,Dhruv Patel OBE,,#FightForHongKong  https://t.co/C5dAXctB7X,und,[],[],['https://pbs.twimg.com/media/EcOhVskXsAEwuC7.png'],0,0,1,['fightforhongkong'],[],https://twitter.com/dhrvptl/status/1280044243466235904,False,,1,https://pbs.twimg.com/media/EcOhVskXsAEwuC7.png,,,,,,,[],,,,
1279656482661777408,1279654750716190725,2020-07-05 02:00:54 Eastern Daylight Time,2020-07-05,02:00:54,-0400,1120335675105009664,reiwashinsenoen,#かっこいい大人 を目指す、ソーシャルアクティビスト。,,続  僕の前から君が消えて 胸に広がる切ない思い ぽっかり開いた心の余白 何で満たせばいいのかわからない...  *台湾や香港での民主主義の危機  と僕は解釈してたのでまさに   #fightforhongkong #standwithhongkong    https://t.co/C3CU9HtXoh,ja,[],['https://www.youtube.com/watch?v=QoNx1P6nMoU'],[],1,3,2,"['fightforhongkong', 'standwithhongkong']",[],https://twitter.com/ReiwashinsenOen/status/1279656482661777408,False,,0,,,,,,,,[],,,,
1279387145728221186,1279382481687330818,2020-07-04 08:10:40 Eastern Daylight Time,2020-07-04,08:10:40,-0400,310946489,yomattyu,Matt Yu,,@yasmine_bw19 #FightForHongKong ✨✋🏼,und,[],[],[],0,0,0,['fightforhongkong'],[],https://twitter.com/yomattyu/status/1279387145728221186,False,,0,,,,,,,,[],,,,
1279316577842630659,1279316577842630659,2020-07-04 03:30:15 Eastern Daylight Time,2020-07-04,03:30:15,-0400,44349650,futoyu,FUTOYU Masaharu,,#香港 #hongkong #hongkongprotest #hkprotest #黑警 #國安法 #時代革命 #警暴 #savehk #freehk #香港獨立 #fightforhongkong #standwithhongkong #freehongkong #標語 #slogan #明るい未来 #bright_future #conceptual  https://t.co/j1A7OrKR3C,und,[],[],['https://pbs.twimg.com/media/EcELmvKUYAEipkS.jpg'],0,0,0,"['香港', 'hongkong', 'hongkongprotest', 'hkprotest', '黑警', '國安法', '時代革命', '警暴', 'savehk', 'freehk', '香港獨立', 'fightforhongkong', 'standwithhongkong', 'freehongkong', '標語', 'slogan', '明るい未来', 'bright_future', 'conceptual']",[],https://twitter.com/futoyu/status/1279316577842630659,False,,1,https://pbs.twimg.com/media/EcELmvKUYAEipkS.jpg,,,,,,,[],,,,
1279250648148717570,1279250648148717570,2020-07-03 23:08:16 Eastern Daylight Time,2020-07-03,23:08:16,-0400,2201870522,paulineliu518,Pauline Liu,,"Thousands of protesters, unbowed by a new national-security law imposed by China, staged the largest show of defiance in Hong Kong this year.  https://t.co/uCwD5Wso2o via @WSJ  #FightForHongKong #HongKongProtests #hongkongisnotchina #HongKong",en,"[{'screen_name': 'wsj', 'name': 'the wall street journal', 'id': '3108351'}]",['https://www.wsj.com/articles/hong-kong-police-make-first-security-law-arrest-as-thousands-protest-11593591072'],[],0,0,0,"['fightforhongkong', 'hongkongprotests', 'hongkongisnotchina', 'hongkong']",[],https://twitter.com/PaulineLiu518/status/1279250648148717570,False,,0,,,,,,,,[],,,,
1279062766989438981,1279062766989438981,2020-07-03 10:41:42 Eastern Daylight Time,2020-07-03,10:41:42,-0400,1196390754286878721,michael_lui0622,Michael Lui,,#白紙文宣行動  #白紙文宣 #whitepaperterror #fightforhongkong #我真係好撚鍾意香港  https://t.co/DHWGp7vcsM,und,[],[],['https://pbs.twimg.com/media/EcAkzmQU4AAxOC0.jpg'],0,0,0,"['白紙文宣行動', '白紙文宣', 'whitepaperterror', 'fightforhongkong', '我真係好撚鍾意香港']",[],https://twitter.com/Michael_Lui0622/status/1279062766989438981,False,,1,https://pbs.twimg.com/media/EcAkzmQU4AAxOC0.jpg,,,,,,,[],,,,
1278909967639228417,1278750285037330432,2020-07-03 00:34:31 Eastern Daylight Time,2020-07-03,00:34:31,-0400,101464110,dashavatarkalki,'V.C.                                       B.V.M.,,@StateDept @joshuawongcf @SecPompeo ✌️#FightForHongKong✌️  🙌🇭🇰#GloryToHongKong🇭🇰🙌  ☮️🇭🇰#PeacefulCivilDisobedience🇭🇰☮️  https://t.co/QugYbdmkA1,und,[],[],['https://pbs.twimg.com/media/Eb-Z1cKWAAAiVf7.jpg'],0,0,0,"['fightforhongkong', 'glorytohongkong', 'peacefulcivildisobedience']",[],https://twitter.com/DashavatarKalki/status/1278909967639228417,False,,1,https://pbs.twimg.com/media/Eb-Z1cKWAAAiVf7.jpg,,,,,,,"[{'screen_name': 'StateDept', 'name': 'Department of State', 'id': '9624742'}, {'screen_name': 'joshuawongcf', 'name': 'Joshua Wong 黃之鋒 😷', 'id': '18798768'}, {'screen_name': 'SecPompeo', 'name': 'Secretary Pompeo', 'id': '988573326376427520'}]",,,,
1278907033303969792,1275124482256977921,2020-07-03 00:22:52 Eastern Daylight Time,2020-07-03,00:22:52,-0400,101464110,dashavatarkalki,'V.C.                                       B.V.M.,,@HongKongPLG @AngelineChanHK #UnitedWeStand  #FightForHongKong✌️  🙌🇭🇰#GloryToHongKong🇭🇰🙌  ☮️#PeacefulCivilDisobedience☮️  .@appledaily_hk @EpochTimes @HongKongFP @HongKongRugby @varsitycuhk @HongKongPolyU @hkcitychurch @SCMPHongKong @SCMPgraphics @SCMPRacingPost @SCMP_Sport @youngposthk #StandWithHongKong  https://t.co/1MaM3UA4p2,und,"[{'screen_name': 'appledaily_hk', 'name': 'apple daily hk 蘋果日報', 'id': '70889420'}, {'screen_name': 'epochtimes', 'name': 'the epoch times', 'id': '29097819'}, {'screen_name': 'hongkongrugby', 'name': 'hkru', 'id': '188683463'}, {'screen_name': 'varsitycuhk', 'name': 'varsity cuhk', 'id': '2788023241'}, {'screen_name': 'hongkongpolyu', 'name': 'the hong kong polytechnic university (polyu)', 'id': '97343565'}, {'screen_name': 'hkcitychurch', 'name': 'hongkong city church', 'id': '112398495'}, {'screen_name': 'scmphongkong', 'name': 'scmp hong kong', 'id': '1161804899971026944'}, {'screen_name': 'scmpgraphics', 'name': 'scmp infographics', 'id': '2556393734'}, {'screen_name': 'scmpracingpost', 'name': 'hk racing – scmp', 'id': '790411826'}, {'screen_name': 'scmp_sport', 'name': 'scmp sport', 'id': '3010869025'}, {'screen_name': 'youngposthk', 'name': 'scmp young post', 'id': '598961597'}]",[],['https://pbs.twimg.com/media/Eb-XKhlXkAADRr9.jpg'],0,0,0,"['unitedwestand', 'fightforhongkong', 'glorytohongkong', 'peacefulcivildisobedience', 'standwithhongkong']",[],https://twitter.com/DashavatarKalki/status/1278907033303969792,False,,1,https://pbs.twimg.com/media/Eb-XKhlXkAADRr9.jpg,,,,,,,"[{'screen_name': 'HongKongPLG', 'name': 'Progressive Lawyers Group 法政匯思', 'id': '861437709943844864'}, {'screen_name': 'AngelineChanHK', 'name': 'Angeline Chan', 'id': '1147394536546566144'}]",,,,
1278555428356415493,1278555428356415493,2020-07-02 01:05:43 Eastern Daylight Time,2020-07-02,01:05:43,-0400,17291526,soumen_banerjee,Ultimate BS ™,,China (CCP) has gone insane. Supposedly below two tags gives CCP to detain me if I am in Hong Kong. Good Luck  #FightForHongKong #HongKongProtest #CanSaveHK   https://t.co/7xCg7q7FpY,en,[],['https://www.nytimes.com/2020/06/30/world/asia/hong-kong-security-law-explain.amp.html'],[],0,0,0,"['fightforhongkong', 'hongkongprotest', 'cansavehk']",[],https://twitter.com/soumen_banerjee/status/1278555428356415493,False,,0,,,,,,,,[],,,,
1278298814378504192,1278298814378504192,2020-07-01 08:06:01 Eastern Daylight Time,2020-07-01,08:06:01,-0400,25065267,katelap,kate lappin,,"Children arrested for holding signs, journalists pepper sprayed, protesters imprisoned for breaking laws that no-one, including legislators, were allowed to see before it was adopted. Unionists bravely defend democracy. #HongKongProtest #FightForHongKong  https://t.co/NTvxComizQ",en,[],['https://www.theguardian.com/world/2020/jul/01/hong-kong-protesters-arrested-as-security-law-comes-into-effect'],[],0,2,0,"['hongkongprotest', 'fightforhongkong']",[],https://twitter.com/katelap/status/1278298814378504192,False,,0,,,,,,,,[],,,,
1278039229336113160,1278039229336113160,2020-06-30 14:54:31 Eastern Daylight Time,2020-06-30,14:54:31,-0400,779985716877164544,unchain_hk,We_are_Annonymous 杰佛里,,Rule of Law dies in Hong Kong. Cowardly Communists under Ji The Pooh crush freedom underfoot in desperate desire to snuff out Truth and Justice. #fightforhongkong #HongKongProtest #StandWithHongKong  https://t.co/2knaJ2ASKI,en,[],[],['https://pbs.twimg.com/media/EbyAg5ZWsAIjcO8.jpg'],0,0,1,"['fightforhongkong', 'hongkongprotest', 'standwithhongkong']",[],https://twitter.com/Unchain_HK/status/1278039229336113160,False,,1,https://pbs.twimg.com/media/EbyAg5ZWsAIjcO8.jpg,,,,,,,[],,,,
1278022159080841219,1278022159080841219,2020-06-30 13:46:41 Eastern Daylight Time,2020-06-30,13:46:41,-0400,2981673778,fan2canard,kwäk,,#fightforHongkong,und,[],[],[],0,0,0,['fightforhongkong'],[],https://twitter.com/fan2canard/status/1278022159080841219,False,https://twitter.com/AFP/status/1278021325827846144,0,,,,,,,,[],,,,
1277952634436177921,1277952634436177921,2020-06-30 09:10:25 Eastern Daylight Time,2020-06-30,09:10:25,-0400,1128250524590137344,restitutororbi1,"Restitutor Orbis, ""Who Is John Qalt?""",,#FightForHongKong !  Boycott the CCP worldwide,en,[],[],[],0,0,0,['fightforhongkong'],[],https://twitter.com/RestitutorOrbi1/status/1277952634436177921,False,https://twitter.com/RollandNadege/status/1277949160982003712,0,,,,,,,,[],,,,
1277874366307590144,1277874366307590144,2020-06-30 03:59:25 Eastern Daylight Time,2020-06-30,03:59:25,-0400,1272928562,nielsbobojesen,Niels Bo Bojesen,,#Hongkongers  #hongkong #KnockoutBlow #beijing #china #HongKongProtest #hongkongprotests #1country2systemsisdead #FightForHongKong  https://t.co/b6JBHpPuu4,und,[],[],['https://pbs.twimg.com/media/Ebvr6ekWAAAGPg5.jpg'],3,3,10,"['hongkongers', 'hongkong', 'knockoutblow', 'beijing', 'china', 'hongkongprotest', 'hongkongprotests', '1country2systemsisdead', 'fightforhongkong']",[],https://twitter.com/nielsbobojesen/status/1277874366307590144,False,,1,https://pbs.twimg.com/media/Ebvr6ekWAAAGPg5.jpg,,,,,,,[],,,,
1277834798384332803,1277834798384332803,2020-06-30 01:22:11 Eastern Daylight Time,2020-06-30,01:22:11,-0400,1233624730407563264,hkiabrisbane,HKIA Brisbane (Hong Kong International Alliance),,"Today marks the death of Hong Kong, but it’s not over for us. We’ll keep on fighting till our last breath and never will we be silenced.  Liberate Hong Kong, revolution of our time.   #liberatehongkong #revolutionofourtimes #fightforhongkong      #freehongkong #光復香港#時代革命",en,[],[],[],0,9,23,"['liberatehongkong', 'revolutionofourtimes', 'fightforhongkong', 'freehongkong']",[],https://twitter.com/HKIAbrisbane/status/1277834798384332803,False,https://twitter.com/nytimes/status/1277791333629988864,0,,,,,,,,[],,,,
1277470348473032704,1277470348473032704,2020-06-29 01:13:59 Eastern Daylight Time,2020-06-29,01:13:59,-0400,730520682,horea2012,#PaperBallots,,#FightForHongKong  #HongKongProtests,und,[],[],[],0,0,0,"['fightforhongkong', 'hongkongprotests']",[],https://twitter.com/horea2012/status/1277470348473032704,False,https://twitter.com/AnonOpsSE/status/1277467671253131265,0,,,,,,,,[],,,,
1276761272185262080,1276185646529343488,2020-06-27 02:16:23 Eastern Daylight Time,2020-06-27,02:16:23,-0400,372869566,solarr1,abbylam,,"@SolomonYue @HawleyMO I have my birthday soon in July,  this is the best gift for me!!  Thanks @SolomonYue and @HawleyMO   #hongkongers #hkprotestors #fightforhongkong",en,"[{'screen_name': 'solomonyue', 'name': 'solomon yue', 'id': '1339488762'}, {'screen_name': 'hawleymo', 'name': 'josh hawley', 'id': '2352629311'}]",[],[],0,0,0,"['hongkongers', 'hkprotestors', 'fightforhongkong']",[],https://twitter.com/solarr1/status/1276761272185262080,False,,0,,,,,,,,"[{'screen_name': 'SolomonYue', 'name': 'Solomon Yue', 'id': '1339488762'}, {'screen_name': 'HawleyMO', 'name': 'Josh Hawley', 'id': '2352629311'}]",,,,
1275591919167561729,1275503655601369088,2020-06-23 20:49:47 Eastern Daylight Time,2020-06-23,20:49:47,-0400,130726407,zarcnest,Luxily,,@Wickdlol @ZerinaX @Savjz We should punish Blizzard for the atrocities that China has done.  #FightForHongKong,en,[],[],[],0,0,1,['fightforhongkong'],[],https://twitter.com/Zarcnest/status/1275591919167561729,False,,0,,,,,,,,"[{'screen_name': 'Wickdlol', 'name': 'Wickd', 'id': '613592902'}, {'screen_name': 'ZerinaX', 'name': 'Christina Mikkonen', 'id': '20953009'}, {'screen_name': 'Savjz', 'name': 'Savjz', 'id': '1409082714'}]",,,,
1273861008851791872,1273861008851791872,2020-06-19 02:11:46 Eastern Daylight Time,2020-06-19,02:11:46,-0400,1097730184373923841,official_sid04,Siddharth Mishra,,#boycottchina #hongkong #freehk #boycottmulan #saynotochina #boycottbeijing #chinazi #nochinaextradition #hongkongisnotchina #standagainsttyranny #fightfordemocracy #noextradictiontochina #policebrutality #standwithhk #fightforhongkong #endpolicebrutality #antichinazi  @PMOIndia  https://t.co/6tYlfqcGie,und,"[{'screen_name': 'pmoindia', 'name': 'pmo india', 'id': '471741741'}]",[],['https://pbs.twimg.com/media/Ea2p1EAU8AAjsTT.jpg'],0,0,1,"['boycottchina', 'hongkong', 'freehk', 'boycottmulan', 'saynotochina', 'boycottbeijing', 'chinazi', 'nochinaextradition', 'hongkongisnotchina', 'standagainsttyranny', 'fightfordemocracy', 'noextradictiontochina', 'policebrutality', 'standwithhk', 'fightforhongkong', 'endpolicebrutality', 'antichinazi']",[],https://twitter.com/official_sid04/status/1273861008851791872,False,,1,https://pbs.twimg.com/media/Ea2p1EAU8AAjsTT.jpg,,,,,,,[],,,,
1273854584784515078,1273854584784515078,2020-06-19 01:46:14 Eastern Daylight Time,2020-06-19,01:46:14,-0400,827729980821995521,shayariteresang,shayariteresang,,#boycottchina #hongkong #freehk #boycottmulan #saynotochina #boycottbeijing #chinazi #nochinaextradition #hongkongisnotchina #standagainsttyranny #fightfordemocracy #noextradictiontochina #policebrutality #standwithhk #fightforhongkong #endpolicebrutality #antichinazi  https://t.co/6753TKCBUO,und,[],[],['https://pbs.twimg.com/media/Ea2j-_0VAAAsb2I.jpg'],0,0,0,"['boycottchina', 'hongkong', 'freehk', 'boycottmulan', 'saynotochina', 'boycottbeijing', 'chinazi', 'nochinaextradition', 'hongkongisnotchina', 'standagainsttyranny', 'fightfordemocracy', 'noextradictiontochina', 'policebrutality', 'standwithhk', 'fightforhongkong', 'endpolicebrutality', 'antichinazi']",[],https://twitter.com/shayariteresang/status/1273854584784515078,False,,1,https://pbs.twimg.com/media/Ea2j-_0VAAAsb2I.jpg,,,,,,,[],,,,
1273654341354864640,1273654341354864640,2020-06-18 12:30:32 Eastern Daylight Time,2020-06-18,12:30:32,-0400,1125536008584351744,wetruths,We Hold These Truths,,#Beijing plans to pass contentious legislation that promises to radically increase #Chinese control over #HongKong. #FightForHongKong  https://t.co/eUnaC0lWeQ,en,[],['https://www.theguardian.com/world/2020/jun/18/china-tables-draft-hong-kong-security-law-in-sign-it-intends-to-rush-legislation'],[],0,1,0,"['beijing', 'chinese', 'hongkong', 'fightforhongkong']",[],https://twitter.com/WeTruths/status/1273654341354864640,False,,0,,,,,,,,[],,,,
1272663495805304834,1272663495805304834,2020-06-15 18:53:17 Eastern Daylight Time,2020-06-15,18:53:17,-0400,1242679026092658688,starcross24,David M,,Reminder for students to sign this petition to stop Simon Fraser University from using ZOOM.  https://t.co/0pVDEr7cjR   #SFU #TiananmenSquareMassacre #HongKongProtests #FightForHongKong #ChinaLiedPeopleDied #Zoom #UBC,en,[],['http://chng.it/KzyR82Qmcy'],[],0,0,1,"['sfu', 'tiananmensquaremassacre', 'hongkongprotests', 'fightforhongkong', 'chinaliedpeopledied', 'zoom', 'ubc']",[],https://twitter.com/starcross24/status/1272663495805304834,False,,0,,,,,,,,[],,,,
1272064535415779328,1272064535415779328,2020-06-14 03:13:13 Eastern Daylight Time,2020-06-14,03:13:13,-0400,123258868,arieslwk,Lee,,Shit like this still happens in Hong Kong . #hongkongstudentslivesmattertoo #fightforfreedom #fightforhongkong,en,[],[],[],0,0,0,"['hongkongstudentslivesmattertoo', 'fightforfreedom', 'fightforhongkong']",[],https://twitter.com/arieslwk/status/1272064535415779328,False,https://twitter.com/SCMPNews/status/1271691269794906113,0,,,,,,,,[],,,,
1271856777580208128,1271856777580208128,2020-06-13 13:27:40 Eastern Daylight Time,2020-06-13,13:27:40,-0400,3302354964,moonihwag,𝔪𝔬𝔬𝔫𝔦 🇭🇰,,I have the urge to reply #FightForHongKong and see how she reacts,en,[],[],[],0,0,1,['fightforhongkong'],[],https://twitter.com/moonihwag/status/1271856777580208128,False,https://twitter.com/91jasonng/status/1271855925888823297,0,,,,,,,,[],,,,
1271715330214133762,1271715330214133762,2020-06-13 04:05:36 Eastern Daylight Time,2020-06-13,04:05:36,-0400,1242679026092658688,starcross24,David M,,Sign this petition to get Simon Fraser University to stop using ZOOM.   https://t.co/0pVDEr7cjR  Don't support a platform that silences its users. #SFU #TiananmenSquareMassacre #HongKongProtests #FightForHongKong #ChinaLiedPeopleDied #Zoom #UBC,en,[],['http://chng.it/KzyR82Qmcy'],[],0,0,1,"['sfu', 'tiananmensquaremassacre', 'hongkongprotests', 'fightforhongkong', 'chinaliedpeopledied', 'zoom', 'ubc']",[],https://twitter.com/starcross24/status/1271715330214133762,False,,0,,,,,,,,[],,,,
1271486486093787136,1271434610329739271,2020-06-12 12:56:16 Eastern Daylight Time,2020-06-12,12:56:16,-0400,3044902335,hk_yellowpepe,PEPE THE FROG,,@QuickTake Chanting slogans in shopping mall is a peaceful way for reminding each other not to forget what are we fighting for. #FightforHongKong  #StandWithHongKong  https://t.co/IDAqlg8JGM,en,[],[],"['https://pbs.twimg.com/media/EaU6NOKUwAIeC6h.jpg', 'https://pbs.twimg.com/media/EaU6NOIU4AQtQUi.jpg', 'https://pbs.twimg.com/media/EaU6NOHUwAU_b4Z.jpg']",0,0,7,"['fightforhongkong', 'standwithhongkong']",[],https://twitter.com/HK_yellowpepe/status/1271486486093787136,False,,1,https://pbs.twimg.com/media/EaU6NOKUwAIeC6h.jpg,,,,,,,"[{'screen_name': 'Quicktake', 'name': 'Bloomberg Quicktake', 'id': '252751061'}]",,,,
1271308625382793222,1270928285451472897,2020-06-12 01:09:30 Eastern Daylight Time,2020-06-12,01:09:30,-0400,1259365923976167425,hker24325611,justsamantha,,@PdxKarl @joshuawongcf Thanks for the cheering. I can tell you all protestors I met or I knew are from grass-root family. They are truely #FightForFreedom and #FightforHongKong. Not as rumors said “earning money from protestong”. We are now risking our prosperous future and lives to against #CCP.,en,[],[],[],0,0,0,"['fightforfreedom', 'fightforhongkong', 'ccp']",[],https://twitter.com/hker24325611/status/1271308625382793222,False,,0,,,,,,,,"[{'screen_name': 'PdxKarl', 'name': 'Karl -_一', 'id': '1260161280859443201'}, {'screen_name': 'joshuawongcf', 'name': 'Joshua Wong 黃之鋒 😷', 'id': '18798768'}]",,,,
1271113289448198145,1271113289448198145,2020-06-11 12:13:19 Eastern Daylight Time,2020-06-11,12:13:19,-0400,1222552046680838145,dailynerd_,Daily Nerd,,Uno spot che nasconde un messaggio profondo #FightForHongKong  https://t.co/j7A9Tdqh1J,it,[],['https://www.dailynerd.it/nescafe-un-bellissimo-spot-in-stile-anime-dal-significato-profondo/'],[],0,0,1,['fightforhongkong'],[],https://twitter.com/DailyNerd_/status/1271113289448198145,False,,0,,,,,,,,[],,,,
1270642791203258373,1270486132124463106,2020-06-10 05:03:43 Eastern Daylight Time,2020-06-10,05:03:43,-0400,2860748568,law_harrod,HongKonger,,"@JoaquinCastrotx Thanks for #FightforHongKong, in fact what you do inspire the whole world and #CCPChina has no alliance anymore",en,[],[],[],0,0,3,"['fightforhongkong', 'ccpchina']",[],https://twitter.com/law_harrod/status/1270642791203258373,False,,0,,,,,,,,"[{'screen_name': 'JoaquinCastrotx', 'name': 'Joaquin Castro', 'id': '231510077'}]",,,,
1270619178098028546,1270257509475835904,2020-06-10 03:29:53 Eastern Daylight Time,2020-06-10,03:29:53,-0400,1167422440080691200,akasmallpotato,aka.,,"@BrianLeungKP Respect any decisions of yours.  But frankly, hope that you could #FightforHongKong at overseas rather than coming back to face imprisonment! Take care!",en,[],[],[],0,0,0,['fightforhongkong'],[],https://twitter.com/akasmallpotato/status/1270619178098028546,False,,0,,,,,,,,"[{'screen_name': 'BrianLeungKP', 'name': 'Brian Leung', 'id': '814432960677965825'}]",,,,
1270496301990375425,1270496301990375425,2020-06-09 19:21:37 Eastern Daylight Time,2020-06-09,19:21:37,-0400,1170411750841176064,hkdc_us,HKDC - Hong Kong Democracy Council,,Thank you @JoaquinCastrotx for standing with all Hong Kongers and @hkdc_us - we are just getting started. #FightforHongKong,en,"[{'screen_name': 'joaquincastrotx', 'name': 'joaquin castro', 'id': '231510077'}, {'screen_name': 'hkdc_us', 'name': 'hkdc - hong kong democracy council', 'id': '1170411750841176064'}]",[],[],0,52,85,['fightforhongkong'],[],https://twitter.com/hkdc_us/status/1270496301990375425,False,https://twitter.com/JoaquinCastrotx/status/1270486132124463106,0,,,,,,,,[],,,,
1270354200619364353,1270241764356640768,2020-06-09 09:56:58 Eastern Daylight Time,2020-06-09,09:56:58,-0400,75223926,cineronin,Denis La Funk,,"@nytimes never give up Hong Kong !! ✊✊✊ my homeland Croatia fought 4 years for Independence during the Yugoslav Wars 1991-1995 against the communist state "" Yugoslavia ""  #FREEHONGKONG #FIGHTFORHONGKONG",en,[],[],[],0,0,1,"['freehongkong', 'fightforhongkong']",[],https://twitter.com/cineronin/status/1270354200619364353,False,,0,,,,,,,,"[{'screen_name': 'nytimes', 'name': 'The New York Times', 'id': '807095'}]",,,,
1269976693373988864,1269976693373988864,2020-06-08 08:56:53 Eastern Daylight Time,2020-06-08,08:56:53,-0400,1212648845982650368,stratnewsglobal,StratNewsGlobal,,"Emperor Doesn't Rule Hong Kong,Have To Fight China Not Flee: Pro-democracy Leader Nathan Law @nathanlawkc #FightForHongKong #6431truth @demosisto  @joshuawongcf @JimmyLaiApple @lukedepulford @benedictrogers @hk_watch @ipacglobal   @HongKongFP @CGIHongKong  https://t.co/GJeD8XK9cf",en,"[{'screen_name': 'nathanlawkc', 'name': 'nathan law 羅冠聰', 'id': '735811158469423105'}, {'screen_name': 'demosisto', 'name': 'demosistō 香港眾志 😷', 'id': '717048221592227840'}, {'screen_name': 'joshuawongcf', 'name': 'joshua wong 黃之鋒 😷', 'id': '18798768'}, {'screen_name': 'jimmylaiapple', 'name': '🍉很好吃', 'id': '1295611098293342214'}, {'screen_name': 'lukedepulford', 'name': 'luke de pulford 裴倫德', 'id': '2279301618'}, {'screen_name': 'benedictrogers', 'name': 'benedict rogers 羅傑斯', 'id': '49035671'}, {'screen_name': 'hk_watch', 'name': 'hong kong watch', 'id': '914877149164789760'}, {'screen_name': 'ipacglobal', 'name': 'inter-parliamentary alliance on china', 'id': '1260924545436921858'}, {'screen_name': 'cgihongkong', 'name': 'india in hong kong', 'id': '820908661627174912'}]",['https://stratnewsglobal.com/india-can-help-by-speaking-against-chinese-expansionism-hong-kong-activist-nathan-law/'],[],1,7,7,"['fightforhongkong', '6431truth']",[],https://twitter.com/StratNewsGlobal/status/1269976693373988864,False,,0,,,,,,,,[],,,,
1269799732747984902,1269799732747984902,2020-06-07 21:13:42 Eastern Daylight Time,2020-06-07,21:13:42,-0400,1073171303790563328,mikuradraws,mikura ✨ thesis it 🍵,,All around the world you'd think that things were looking rough But the jackboot only jumps down on people standing up   https://t.co/eDoBFHo81H #BlackLivesMatter #SOGIEBillNow #FightForHongKong #JunkTerrorBill #MassTestingNowPH #DefendPressFreedom #FreeCebu8  https://t.co/2nDPpKCoEd,en,[],['https://blacklivesmatters.carrd.co/'],['https://pbs.twimg.com/media/EZ88H02UYAAhQ0u.jpg'],0,7,5,"['blacklivesmatter', 'sogiebillnow', 'fightforhongkong', 'junkterrorbill', 'masstestingnowph', 'defendpressfreedom', 'freecebu8']",[],https://twitter.com/MikuraDraws/status/1269799732747984902,False,,1,https://pbs.twimg.com/media/EZ88H02UYAAhQ0u.jpg,,,,,,,[],,,,
1269677577053982722,1269677577053982722,2020-06-07 13:08:18 Eastern Daylight Time,2020-06-07,13:08:18,-0400,83558469,parasrishi,पारस ਰਿਸ਼ੀ,,#StandWithKashmir #FreePalestine #SaveAfghanSikhs #BlackLivesMatter #FreeTibet #FightForHongKong #ShiaGenocide #FightRacism #DalitLivesMatter #SupportKurdistan #IStandWithAhmadis,und,[],[],[],0,0,0,"['standwithkashmir', 'freepalestine', 'saveafghansikhs', 'blacklivesmatter', 'freetibet', 'fightforhongkong', 'shiagenocide', 'fightracism', 'dalitlivesmatter', 'supportkurdistan', 'istandwithahmadis']",[],https://twitter.com/parasrishi/status/1269677577053982722,False,,0,,,,,,,,[],,,,
1269453869077024768,1269453869077024768,2020-06-06 22:19:22 Eastern Daylight Time,2020-06-06,22:19:22,-0400,3145290409,arohakath,𝙲𝙾𝙼𝙼𝙰𝙽𝙳𝙴𝚁 𝙽𝚄𝙽𝚄🎖️,,This is so sad. A concrete example of how today's issues can affect the FUTURE GENERATION. Don't stand by. Stand up. #FightForHongKong,en,[],[],[],0,0,0,['fightforhongkong'],[],https://twitter.com/ArohaKath/status/1269453869077024768,False,https://twitter.com/hkfp/status/1269449482929868802,0,,,,,,,,[],,,,
1269107750186844160,1269107750186844160,2020-06-05 23:24:01 Eastern Daylight Time,2020-06-05,23:24:01,-0400,3145290409,arohakath,𝙲𝙾𝙼𝙼𝙰𝙽𝙳𝙴𝚁 𝙽𝚄𝙽𝚄🎖️,,#FightForHongKong  https://t.co/qLsuKdn1Bn,und,[],[],['https://pbs.twimg.com/tweet_video_thumb/EZzGw_5UcAElRJP.jpg'],4,0,0,['fightforhongkong'],[],https://twitter.com/ArohaKath/status/1269107750186844160,False,,1,https://pbs.twimg.com/tweet_video_thumb/EZzGw_5UcAElRJP.jpg,,,,,,,[],,,,
1268462156519018500,1268462156519018500,2020-06-04 04:38:39 Eastern Daylight Time,2020-06-04,04:38:39,-0400,2227931221,johnidavies,johnidavies,,"@firstdirect noting BBC ""HSBC and StanChart back China security laws for HK""  https://t.co/jdRlATC8Un FD please disassociate from HK subsidiary. UK FD customers support #hongkonger protests #FightForHongKong #HongKongProtest  Great bank but other UK banks are available",en,[],['http://ow.ly/2LZj50zYuZn'],[],0,1,1,"['hongkonger', 'fightforhongkong', 'hongkongprotest']",[],https://twitter.com/johnidavies/status/1268462156519018500,False,,0,,,,,,,,[],,,,
1268251832381509639,1268251832381509639,2020-06-03 14:42:54 Eastern Daylight Time,2020-06-03,14:42:54,-0400,100950495,joeri_ntxnp,Joeri // RK9,,"@YerRamautarsing Yernaz spreekt z'n steun uit voor hong kong. Ontzettend belangrijk, dat er breed steun is aan het land dat de meest geniepig onderdrukking vanuit China ervaart.  #FightForHongKong #HongKongProtest.",nl,[],[],[],0,0,0,"['fightforhongkong', 'hongkongprotest']",[],https://twitter.com/Joeri_NTxNP/status/1268251832381509639,False,,0,,,,,,,,[],,,,
1268117839187251200,1268117839187251200,2020-06-03 05:50:28 Eastern Daylight Time,2020-06-03,05:50:28,-0400,744454884901163008,alepanzaoff,Alessandro Panza,,"Giusta indignazione per l'assassinio di una persona, George Floyd, da parte di un poliziotto negli Usa. Mi piacerebbe vedere però la medesima indignazione per gli stessi metodi utilizzati a Hong Kong.  #GeorgeFloyd   #FightForHongKong #HongKongProtest #hongkong #standwithhk",it,[],[],[],0,2,2,"['georgefloyd', 'fightforhongkong', 'hongkongprotest', 'hongkong', 'standwithhk']",[],https://twitter.com/alepanzaoff/status/1268117839187251200,False,,0,,,,,,,,[],,,,
1267764996118925312,1267764996118925312,2020-06-02 06:28:23 Eastern Daylight Time,2020-06-02,06:28:23,-0400,24503810,joshjosetoscano,JoshyT87,,✊🏽✊🏽✊🏽 #BlackOutTuesday #IndigenousLivesMatter #IcantBreathe #FreeWestPapua #FightForHongKong #FreeSyria #FreePalestine #EndWorldHunger #EndSlavery #ChangeTheDate #UlaruStatement #TreatyNow #AlwaysWasAlwaysWillBe #FuckRacism  https://t.co/ajngdeBd5U,und,[],[],['https://pbs.twimg.com/media/EZgBh1zUMAARGUr.jpg'],0,0,1,"['blackouttuesday', 'indigenouslivesmatter', 'icantbreathe', 'freewestpapua', 'fightforhongkong', 'freesyria', 'freepalestine', 'endworldhunger', 'endslavery', 'changethedate', 'ularustatement', 'treatynow', 'alwayswasalwayswillbe', 'fuckracism']",[],https://twitter.com/JoshJoseToscano/status/1267764996118925312,False,,1,https://pbs.twimg.com/media/EZgBh1zUMAARGUr.jpg,,,,,,,[],,,,
1267612409872748545,1267612409872748545,2020-06-01 20:22:04 Eastern Daylight Time,2020-06-01,20:22:04,-0400,343802636,_lexworth_,Lexi Laios,,Donald Trump: Urge All Democratic States to Declare Hong Kong Police Force as Terrorism Organization - Sign the Petition!  https://t.co/vPb6Z90k9A via @Change  #freedomforhongkong #fightforhongkong #standwithhongkong,en,"[{'screen_name': 'change', 'name': 'change.org', 'id': '15947602'}]",['http://chng.it/sZn8yv9m'],[],0,0,1,"['freedomforhongkong', 'fightforhongkong', 'standwithhongkong']",[],https://twitter.com/_Lexworth_/status/1267612409872748545,False,,0,,,,,,,,[],,,,
