id,conversation_id,created_at,date,time,timezone,user_id,username,name,place,tweet,language,mentions,urls,photos,replies_count,retweets_count,likes_count,hashtags,cashtags,link,retweet,quote_url,video,thumbnail,near,geo,source,user_rt_id,user_rt,retweet_id,reply_to,retweet_date,translate,trans_src,trans_dest
1298969156880961537,1298969156880961537,2020-08-27 09:02:35 Eastern Daylight Time,2020-08-27,09:02:35,-0400,1190691221166940161,freedomhkg101,FreedomHKG101,,They will be die please help #sos #hklaw #ccp #usa  #China_is_terrorist #BoycottChina #Hongkong #Hk #香港デモ #Hongkongprotest #antiEALB #antichinazi #freedom #StandWithHongKong #FreeHongKong #NoChinaExtradition #BoycottMulan #HongKongPolice  #HKPoliceTerrorism  #HongKongProtests,en,[],[],[],0,0,0,"['sos', 'hklaw', 'ccp', 'usa', 'china_is_terrorist', 'boycottchina', 'hongkong', 'hk', '香港デモ', 'hongkongprotest', 'antiealb', 'antichinazi', 'freedom', 'standwithhongkong', 'freehongkong', 'nochinaextradition', 'boycottmulan', 'hongkongpolice', 'hkpoliceterrorism', 'hongkongprotests']",[],https://twitter.com/FreedomHkG101/status/1298969156880961537,False,https://twitter.com/joshuawongcf/status/1298937454787997697,0,,,,,,,,[],,,,
1298196094975868932,1298196094975868932,2020-08-25 05:50:43 Eastern Daylight Time,2020-08-25,05:50:43,-0400,1101214350231195648,peterhjorth_ddp,Peter Hjorth - Det Demokratiske Parti - 🇩🇰 🌎,,How to stop China in Hong Kong. Read the new report from the Danish Think Tank CIPO.  #dkpol #kina #HongKongProtest #FightForHongKong #PrayForHongKong #NoChinaExtradition #HongKongProtest #HongKong #StandWithHongKong #HKPolice #FIVEDEMANDS #NOEXTRADITIONTOCHINA #hongkongers  https://t.co/Cb74ESAi95,en,[],[],['https://pbs.twimg.com/media/EgQeVFKWoAAvBO0.jpg'],0,0,0,"['dkpol', 'kina', 'hongkongprotest', 'fightforhongkong', 'prayforhongkong', 'nochinaextradition', 'hongkongprotest', 'hongkong', 'standwithhongkong', 'hkpolice', 'fivedemands', 'noextraditiontochina', 'hongkongers']",[],https://twitter.com/PeterHjorth_DDP/status/1298196094975868932,False,,1,https://pbs.twimg.com/media/EgQeVFKWoAAvBO0.jpg,,,,,,,[],,,,
1297828747391967232,1297828747391967232,2020-08-24 05:31:00 Eastern Daylight Time,2020-08-24,05:31:00,-0400,1256579251261890562,cipopolitik,CIPO - Center for Innovativ Politik,,War or communism?   https://t.co/V2kQTvR2wr  #HongKongProtest #FightForHongKong #PrayForHongKong #WeAreNotAlone #NoChinaExtradition #HongKongProtest #HongKong #StandWithHongKong #HKPolice #fivedemands #hongkongers #noextraditiontochina  https://t.co/G2BIpGK85X,en,[],['https://mcusercontent.com/6f9d5e9a9aeea020af25632b2/files/5bc0c0c4-8df5-4caa-8984-0a97df3e83ec/HKChina2020byCIPO_1.pdf'],['https://pbs.twimg.com/media/EgLQN68XsAAQPRm.jpg'],0,0,1,"['hongkongprotest', 'fightforhongkong', 'prayforhongkong', 'wearenotalone', 'nochinaextradition', 'hongkongprotest', 'hongkong', 'standwithhongkong', 'hkpolice', 'fivedemands', 'hongkongers', 'noextraditiontochina']",[],https://twitter.com/CipoPolitik/status/1297828747391967232,False,,1,https://pbs.twimg.com/media/EgLQN68XsAAQPRm.jpg,,,,,,,[],,,,
1297755738224365568,1297755738224365568,2020-08-24 00:40:53 Eastern Daylight Time,2020-08-24,00:40:53,-0400,1256579251261890562,cipopolitik,CIPO - Center for Innovativ Politik,,Read the report today: How to stop China in Hong Kong   https://t.co/V2kQTvR2wr  #HongKongProtest #FightForHongKong #PrayForHongKong #WeAreNotAlone #NoChinaExtradition #HongKongProtest #HongKong #StandWithHongKong #HKPolice #fivedemands #hongkongers #noextraditiontochina  https://t.co/pjSDlKeRW0,en,[],['https://mcusercontent.com/6f9d5e9a9aeea020af25632b2/files/5bc0c0c4-8df5-4caa-8984-0a97df3e83ec/HKChina2020byCIPO_1.pdf'],['https://pbs.twimg.com/media/EgKN0hrXgAIl3dP.jpg'],0,0,0,"['hongkongprotest', 'fightforhongkong', 'prayforhongkong', 'wearenotalone', 'nochinaextradition', 'hongkongprotest', 'hongkong', 'standwithhongkong', 'hkpolice', 'fivedemands', 'hongkongers', 'noextraditiontochina']",[],https://twitter.com/CipoPolitik/status/1297755738224365568,False,,1,https://pbs.twimg.com/media/EgKN0hrXgAIl3dP.jpg,,,,,,,[],,,,
1297686462956265472,1297686462956265472,2020-08-23 20:05:37 Eastern Daylight Time,2020-08-23,20:05:37,-0400,1256579251261890562,cipopolitik,CIPO - Center for Innovativ Politik,,China will never stop.  #HongKongProtest #FightForHongKong #PrayForHongKong #WeAreNotAlone #NoChinaExtradition #HongKongProtest #HongKong #StandWithHongKong #HKPolice #fivedemands #hongkongers #noextraditiontochina  https://t.co/bRiO8eJMjv,en,[],[],['https://pbs.twimg.com/media/EgJO1gNXgAA1WF5.jpg'],0,0,0,"['hongkongprotest', 'fightforhongkong', 'prayforhongkong', 'wearenotalone', 'nochinaextradition', 'hongkongprotest', 'hongkong', 'standwithhongkong', 'hkpolice', 'fivedemands', 'hongkongers', 'noextraditiontochina']",[],https://twitter.com/CipoPolitik/status/1297686462956265472,False,,1,https://pbs.twimg.com/media/EgJO1gNXgAA1WF5.jpg,,,,,,,[],,,,
1297625854282014720,1297625854282014720,2020-08-23 16:04:47 Eastern Daylight Time,2020-08-23,16:04:47,-0400,1256579251261890562,cipopolitik,CIPO - Center for Innovativ Politik,,China want to dominate the World   Get the report here:   https://t.co/V2kQTvR2wr  #HongKongProtest #FightForHongKong #PrayForHongKong #WeAreNotAlone #NoChinaExtradition #HongKongProtest #HongKong #StandWithHongKong #HKPolice #FIVEDEMANDS #NOEXTRADITIONTOCHINA  https://t.co/PbpjQMo9jk,en,[],['https://mcusercontent.com/6f9d5e9a9aeea020af25632b2/files/5bc0c0c4-8df5-4caa-8984-0a97df3e83ec/HKChina2020byCIPO_1.pdf'],['https://pbs.twimg.com/media/EgIXtCgXYAAvHcF.jpg'],1,0,1,"['hongkongprotest', 'fightforhongkong', 'prayforhongkong', 'wearenotalone', 'nochinaextradition', 'hongkongprotest', 'hongkong', 'standwithhongkong', 'hkpolice', 'fivedemands', 'noextraditiontochina']",[],https://twitter.com/CipoPolitik/status/1297625854282014720,False,,1,https://pbs.twimg.com/media/EgIXtCgXYAAvHcF.jpg,,,,,,,[],,,,
1295751528100184064,1295751528100184064,2020-08-18 11:56:52 Eastern Daylight Time,2020-08-18,11:56:52,-0400,1190691221166940161,freedomhkg101,FreedomHKG101,,#sos #hklaw #ccp   #China_is_terrorist #BoycottChina #Hongkong #Hk #香港デモ #Hongkongprotest #antiEALB #antichinazi #freedom #StandWithHongKong #FreeHongKong #NoChinaExtradition #BoycottMulan #HongKongPolice  #HKPoliceTerrorism  #HongKongProtests,und,[],[],[],0,0,0,"['sos', 'hklaw', 'ccp', 'china_is_terrorist', 'boycottchina', 'hongkong', 'hk', '香港デモ', 'hongkongprotest', 'antiealb', 'antichinazi', 'freedom', 'standwithhongkong', 'freehongkong', 'nochinaextradition', 'boycottmulan', 'hongkongpolice', 'hkpoliceterrorism', 'hongkongprotests']",[],https://twitter.com/FreedomHkG101/status/1295751528100184064,False,https://twitter.com/aaronMCN/status/1295682482814300160,0,,,,,,,,[],,,,
1294310350104301568,1294310350104301568,2020-08-14 12:30:09 Eastern Daylight Time,2020-08-14,12:30:09,-0400,1193866994182803456,wcl51806251,WCL 💛,,#hongkong #nochinaextradition #chinaextradition #StandwithHonKong #FreeHongKong #HKPoliceTerrorists #HongKongPoliceTerrorism #hkPoliceBrutalitiy,und,[],[],[],0,0,0,"['hongkong', 'nochinaextradition', 'chinaextradition', 'standwithhonkong', 'freehongkong', 'hkpoliceterrorists', 'hongkongpoliceterrorism', 'hkpolicebrutalitiy']",[],https://twitter.com/WCL51806251/status/1294310350104301568,False,https://twitter.com/austinramzy/status/1294261660899631105,0,,,,,,,,[],,,,
1293772955197902848,1293772955197902848,2020-08-13 00:54:44 Eastern Daylight Time,2020-08-13,00:54:44,-0400,1271841472854151168,lastbloggers,Last Bloggers,,क्या सारे देशो को चीन का बहिष्कार करना चाहिए?  विस्तार मे जानिए:- https://t.co/A4HT1qlCxy #boycottchina #hongkong #freehk #boycottmulan #saynotochina #boycottbeijing #chinazi #nochinaextradition #hongkongisnotchina #standagainsttyranny #fightfordemocracy #noextradictiontochina  https://t.co/dbTOCoRLna,hi,[],['https://lastbloggers.com/2020/08/11/%e0%a4%95%e0%a5%8d%e0%a4%af%e0%a4%be-%e0%a4%aa%e0%a5%82%e0%a4%b0%e0%a5%80-%e0%a4%a6%e0%a5%81%e0%a4%a8%e0%a4%bf%e0%a4%af%e0%a4%be-%e0%a4%95%e0%a5%8b-%e0%a4%9a%e0%a5%80%e0%a4%a8-%e0%a4%95%e0%a4%be/'],['https://pbs.twimg.com/media/EfRnpS4VoAAXAAq.jpg'],0,0,1,"['boycottchina', 'hongkong', 'freehk', 'boycottmulan', 'saynotochina', 'boycottbeijing', 'chinazi', 'nochinaextradition', 'hongkongisnotchina', 'standagainsttyranny', 'fightfordemocracy', 'noextradictiontochina']",[],https://twitter.com/lastbloggers/status/1293772955197902848,False,,1,https://pbs.twimg.com/media/EfRnpS4VoAAXAAq.jpg,,,,,,,[],,,,
1293598572827439105,1293598572827439105,2020-08-12 13:21:48 Eastern Daylight Time,2020-08-12,13:21:48,-0400,1249719013199892483,sriibjpamarvela,SaiKarthiVelamiNmnmRRisiProwna,,No to Chinese  #boycottchina #boycottmulan #saynotochina #boycottbeijing #chinazi #nochinaextradition #hongkongisnotchina #standagainsttyranny #fightfordemocracy #noextradictiontochina #policebrutality #standwithhk #fightforhongkong #endpolicebrutality #antichinazi  https://t.co/3jtJQ4j3t7,en,[],[],['https://pbs.twimg.com/media/EfPJC7-U4AAwy_M.jpg'],2,0,0,"['boycottchina', 'boycottmulan', 'saynotochina', 'boycottbeijing', 'chinazi', 'nochinaextradition', 'hongkongisnotchina', 'standagainsttyranny', 'fightfordemocracy', 'noextradictiontochina', 'policebrutality', 'standwithhk', 'fightforhongkong', 'endpolicebrutality', 'antichinazi']",[],https://twitter.com/SriiBJPAmarvela/status/1293598572827439105,False,,1,https://pbs.twimg.com/media/EfPJC7-U4AAwy_M.jpg,,,,,,,[],,,,
1293527326165045251,1293527326165045251,2020-08-12 08:38:41 Eastern Daylight Time,2020-08-12,08:38:41,-0400,1193866994182803456,wcl51806251,WCL 💛,,Neverforget 20190811多區圍捕，多區tg，多區流血？ 葵芳站亂放tg，機場和你飛大圍捕 尖沙嘴爆眼少女，太古站放胡椒球彈 荃灣、北角：白衣人打人 #hongkong #nochinaextradition #chinaextradition #StandwithHonKong #FreeHongKong #HKPoliceTerrorists #HongKongPoliceTerrorism #hkPoliceBrutalitiy  https://t.co/xmYU5eJmDR,zh,[],[],"['https://pbs.twimg.com/media/EfOIPjtU8AAPyLv.jpg', 'https://pbs.twimg.com/media/EfOIP0VU4AQNYKw.jpg']",0,0,0,"['hongkong', 'nochinaextradition', 'chinaextradition', 'standwithhonkong', 'freehongkong', 'hkpoliceterrorists', 'hongkongpoliceterrorism', 'hkpolicebrutalitiy']",[],https://twitter.com/WCL51806251/status/1293527326165045251,False,,1,https://pbs.twimg.com/media/EfOIPjtU8AAPyLv.jpg,,,,,,,[],,,,
1292918357482541058,1292918357482541058,2020-08-10 16:18:52 Eastern Daylight Time,2020-08-10,16:18:52,-0400,1190691221166940161,freedomhkg101,FreedomHKG101,,#FreeJimmyLai #sos #hklaw #ccp #China_is_terrorist #BoycottChina #Hongkong #Hk #香港デモ #Hongkongprotest #antiEALB #antichinazi #freedom #StandWithHongKong #FreeHongKong #NoChinaExtradition #BoycottMulan #HongKongPolice  #HKPoliceTerrorism  #HongKongProtests,und,[],[],[],0,0,0,"['freejimmylai', 'sos', 'hklaw', 'ccp', 'china_is_terrorist', 'boycottchina', 'hongkong', 'hk', '香港デモ', 'hongkongprotest', 'antiealb', 'antichinazi', 'freedom', 'standwithhongkong', 'freehongkong', 'nochinaextradition', 'boycottmulan', 'hongkongpolice', 'hkpoliceterrorism', 'hongkongprotests']",[],https://twitter.com/FreedomHkG101/status/1292918357482541058,False,https://twitter.com/Mike_Pence/status/1292898570337746953,0,,,,,,,,[],,,,
1292172054955925504,1292172054955925504,2020-08-08 14:53:19 Eastern Daylight Time,2020-08-08,14:53:19,-0400,1190691221166940161,freedomhkg101,FreedomHKG101,,#sos #hklaw #ccp #usa  #China_is_terrorist #BoycottChina #Hongkong #Hk #香港デモ #Hongkongprotest #antiEALB #antichinazi #freedom #StandWithHongKong #FreeHongKong #NoChinaExtradition #BoycottMulan #HongKongPolice  #HKPoliceTerrorism  #HongKongProtests,und,[],[],[],0,0,0,"['sos', 'hklaw', 'ccp', 'usa', 'china_is_terrorist', 'boycottchina', 'hongkong', 'hk', '香港デモ', 'hongkongprotest', 'antiealb', 'antichinazi', 'freedom', 'standwithhongkong', 'freehongkong', 'nochinaextradition', 'boycottmulan', 'hongkongpolice', 'hkpoliceterrorism', 'hongkongprotests']",[],https://twitter.com/FreedomHkG101/status/1292172054955925504,False,https://twitter.com/bIackobject/status/1292074336036065280,0,,,,,,,,[],,,,
1292166008006877185,1292166008006877185,2020-08-08 14:29:18 Eastern Daylight Time,2020-08-08,14:29:18,-0400,1190691221166940161,freedomhkg101,FreedomHKG101,,#sos #hklaw #ccp #usa  #China_is_terrorist #BoycottChina #Hongkong #Hk #香港デモ #Hongkongprotest #antiEALB #antichinazi #freedom #StandWithHongKong #FreeHongKong #NoChinaExtradition #BoycottMulan #HongKongPolice  #HKPoliceTerrorism  #HongKongProtests,und,[],[],[],0,0,0,"['sos', 'hklaw', 'ccp', 'usa', 'china_is_terrorist', 'boycottchina', 'hongkong', 'hk', '香港デモ', 'hongkongprotest', 'antiealb', 'antichinazi', 'freedom', 'standwithhongkong', 'freehongkong', 'nochinaextradition', 'boycottmulan', 'hongkongpolice', 'hkpoliceterrorism', 'hongkongprotests']",[],https://twitter.com/FreedomHkG101/status/1292166008006877185,False,https://twitter.com/ken_waikin/status/1292081869295464448,0,,,,,,,,[],,,,
1292097026159718401,1292097026159718401,2020-08-08 09:55:11 Eastern Daylight Time,2020-08-08,09:55:11,-0400,474214900,felipetravasso2,Felipe Travassos,,PRECISAMOS RESPIRAR. MAIS DE 100 MIL MORTOS PELO COVID 19. ☠☠☠☠☠ PARABÉNS CHINA. #nochinaextradition  https://t.co/pzxOnq4OPU,pt,[],['https://www.instagram.com/p/CDoXjzWjZD5japPT6nB8QkIZQ5QcEPymXJNGO00/?igshid=kxog0zefguel'],[],0,0,0,['nochinaextradition'],[],https://twitter.com/FelipeTravasso2/status/1292097026159718401,False,,0,,,,,,,,[],,,,
1291603718798839811,1291603718798839811,2020-08-07 01:14:58 Eastern Daylight Time,2020-08-07,01:14:58,-0400,1245766807,ravikanths_,RAVIKANTH S,,#boycottchina #hongkong #freehk #boycottmulan #saynotochina #boycottbeijing #chinazi #nochinaextradition #hongkongisnotchina #standagainsttyranny #fightfordemocracy #noextradictiontochina #policebrutality #standwithhk #fightforhongkong #endpolicebrutality,und,[],[],[],0,0,0,"['boycottchina', 'hongkong', 'freehk', 'boycottmulan', 'saynotochina', 'boycottbeijing', 'chinazi', 'nochinaextradition', 'hongkongisnotchina', 'standagainsttyranny', 'fightfordemocracy', 'noextradictiontochina', 'policebrutality', 'standwithhk', 'fightforhongkong', 'endpolicebrutality']",[],https://twitter.com/RavikanthS_/status/1291603718798839811,False,https://twitter.com/RavikanthS_/status/1291602307843465219,0,,,,,,,,[],,,,
1290635284770508803,1290635284770508803,2020-08-04 09:06:45 Eastern Daylight Time,2020-08-04,09:06:45,-0400,1270408871459336192,roller_up_1,Roller up,, https://t.co/B5KWeYZE6t #boycottchina #hongkong #freehk #boycottmulan #saynotochina #boycottbeijing #chinazi #nochinaextradition #hongkongisnotchina #standagainsttyranny #fightfordemocracy #noextradictiontochina #policebrutality #standwithhk #fightforhongkong #endpolicebrutality,und,[],['https://youtu.be/Ryct6IE9ZE8'],[],0,0,0,"['boycottchina', 'hongkong', 'freehk', 'boycottmulan', 'saynotochina', 'boycottbeijing', 'chinazi', 'nochinaextradition', 'hongkongisnotchina', 'standagainsttyranny', 'fightfordemocracy', 'noextradictiontochina', 'policebrutality', 'standwithhk', 'fightforhongkong', 'endpolicebrutality']",[],https://twitter.com/roller_up_1/status/1290635284770508803,False,,0,,,,,,,,[],,,,
1290444028312420352,1290444028312420352,2020-08-03 20:26:46 Eastern Daylight Time,2020-08-03,20:26:46,-0400,1193866994182803456,wcl51806251,WCL 💛,,#hongkong #nochinaextradition #chinaextradition #StandwithHonKong #FreeHongKong  https://t.co/JW0yK5fCPt,und,[],[],['https://pbs.twimg.com/media/EeiT_xqUEAAQg6z.jpg'],0,1,1,"['hongkong', 'nochinaextradition', 'chinaextradition', 'standwithhonkong', 'freehongkong']",[],https://twitter.com/WCL51806251/status/1290444028312420352,False,,1,https://pbs.twimg.com/media/EeiT_xqUEAAQg6z.jpg,,,,,,,[],,,,
1290443313301065729,1290443313301065729,2020-08-03 20:23:55 Eastern Daylight Time,2020-08-03,20:23:55,-0400,1193866994182803456,wcl51806251,WCL 💛,,Yes thank you Switzerland! But also please remember Hong Kong’s police are using weapons from you guys. #switzerland #boycottchina #ccp #diyms #policebrutality #nochinaextradition #chinaextradition #StandwithHonKong #FreeHongKong #HKPoliceTerrorists #HongKongPoliceTerrorism  https://t.co/hYCzL973ka,en,[],[],"['https://pbs.twimg.com/media/EeiTVIpUYAAYRBk.jpg', 'https://pbs.twimg.com/media/EeiTVvhVoAAtlPp.jpg', 'https://pbs.twimg.com/media/EeiTWU7VoAA3iUd.jpg']",2,0,1,"['switzerland', 'boycottchina', 'ccp', 'diyms', 'policebrutality', 'nochinaextradition', 'chinaextradition', 'standwithhonkong', 'freehongkong', 'hkpoliceterrorists', 'hongkongpoliceterrorism']",[],https://twitter.com/WCL51806251/status/1290443313301065729,False,,1,https://pbs.twimg.com/media/EeiTVIpUYAAYRBk.jpg,,,,,,,[],,,,
1290442852762374145,1290442852762374145,2020-08-03 20:22:06 Eastern Daylight Time,2020-08-03,20:22:06,-0400,1193866994182803456,wcl51806251,WCL 💛,,#NationalSecurityLaw #Timeline #July #HK #hongkong #nochinaextradition #chinaextradition #StandwithHonKong #FreeHongKong #HKPoliceTerrorists #HongKongPoliceTerrorism #hkPoliceBrutalitiy  https://t.co/xMPRE7c6Gq,und,[],[],['https://pbs.twimg.com/media/EeiS7b0UcAAZGdt.jpg'],0,0,0,"['nationalsecuritylaw', 'timeline', 'july', 'hk', 'hongkong', 'nochinaextradition', 'chinaextradition', 'standwithhonkong', 'freehongkong', 'hkpoliceterrorists', 'hongkongpoliceterrorism', 'hkpolicebrutalitiy']",[],https://twitter.com/WCL51806251/status/1290442852762374145,False,,1,https://pbs.twimg.com/media/EeiS7b0UcAAZGdt.jpg,,,,,,,[],,,,
1289874961675325442,1289874961675325442,2020-08-02 06:45:30 Eastern Daylight Time,2020-08-02,06:45:30,-0400,1274169678856769536,thelaughingags,TheLaughingGags,,😂😂  #boycottchina #hongkong #freehk #boycottmulan #saynotochina #boycottbeijing #chinazi #nochinaextradition #hongkongisnotchina #standagainsttyranny #fightfordemocracy #noextradictiontochina #policebrutality…  https://t.co/VpD4CqUbLb,und,[],['https://www.instagram.com/p/CDYlFSEM_jr/?igshid=iufi2ytlb62t'],[],0,0,0,"['boycottchina', 'hongkong', 'freehk', 'boycottmulan', 'saynotochina', 'boycottbeijing', 'chinazi', 'nochinaextradition', 'hongkongisnotchina', 'standagainsttyranny', 'fightfordemocracy', 'noextradictiontochina', 'policebrutality']",[],https://twitter.com/TheLaughinGags/status/1289874961675325442,False,,0,,,,,,,,[],,,,
1288761284930891777,1288761284930891777,2020-07-30 05:00:09 Eastern Daylight Time,2020-07-30,05:00:09,-0400,1190691221166940161,freedomhkg101,FreedomHKG101,,#sos #hklaw #ccp #China_is_terrorist #BoycottChina #Hongkong #Hk #香港デモ #Hongkongprotest #antiEALB #antichinazi #freedom #StandWithHongKong #FreeHongKong #NoChinaExtradition #BoycottMulan #HongKongPolice  #HKPoliceTerrorism  #HongKongProtests,und,[],[],[],0,2,3,"['sos', 'hklaw', 'ccp', 'china_is_terrorist', 'boycottchina', 'hongkong', 'hk', '香港デモ', 'hongkongprotest', 'antiealb', 'antichinazi', 'freedom', 'standwithhongkong', 'freehongkong', 'nochinaextradition', 'boycottmulan', 'hongkongpolice', 'hkpoliceterrorism', 'hongkongprotests']",[],https://twitter.com/FreedomHkG101/status/1288761284930891777,False,https://twitter.com/lukedepulford/status/1288747183655792640,0,,,,,,,,[],,,,
1288473038011285504,1288473038011285504,2020-07-29 09:54:45 Eastern Daylight Time,2020-07-29,09:54:45,-0400,1190691221166940161,freedomhkg101,FreedomHKG101,,#sos #hklaw #ccp #usa  #China_is_terrorist #BoycottChina #Hongkong #Hk #香港デモ #Hongkongprotest #antiEALB #antichinazi #freedom #StandWithHongKong #FreeHongKong #NoChinaExtradition #BoycottMulan #HongKongPolice  #HKPoliceTerrorism  #HongKongProtests,und,[],[],[],0,3,1,"['sos', 'hklaw', 'ccp', 'usa', 'china_is_terrorist', 'boycottchina', 'hongkong', 'hk', '香港デモ', 'hongkongprotest', 'antiealb', 'antichinazi', 'freedom', 'standwithhongkong', 'freehongkong', 'nochinaextradition', 'boycottmulan', 'hongkongpolice', 'hkpoliceterrorism', 'hongkongprotests']",[],https://twitter.com/FreedomHkG101/status/1288473038011285504,False,https://twitter.com/benedictrogers/status/1288460749065592835,0,,,,,,,,[],,,,
1284855897903132674,1284855897903132674,2020-07-19 10:21:32 Eastern Daylight Time,2020-07-19,10:21:32,-0400,1190691221166940161,freedomhkg101,FreedomHKG101,,This is HK #sos #hklaw #ccp #China_is_terrorist #BoycottChina #Hongkong #Hk #香港デモ #Hongkongprotest #antiEALB #antichinazi #freedom #StandWithHongKong #FreeHongKong #NoChinaExtradition #BoycottMulan #HongKongPolice  #HKPoliceTerrorism  #HongKongProtests,en,[],[],[],0,2,2,"['sos', 'hklaw', 'ccp', 'china_is_terrorist', 'boycottchina', 'hongkong', 'hk', '香港デモ', 'hongkongprotest', 'antiealb', 'antichinazi', 'freedom', 'standwithhongkong', 'freehongkong', 'nochinaextradition', 'boycottmulan', 'hongkongpolice', 'hkpoliceterrorism', 'hongkongprotests']",[],https://twitter.com/FreedomHkG101/status/1284855897903132674,False,https://twitter.com/studioincendo/status/1284773159669952512,0,,,,,,,,[],,,,
1284855724212813825,1284855724212813825,2020-07-19 10:20:50 Eastern Daylight Time,2020-07-19,10:20:50,-0400,1190691221166940161,freedomhkg101,FreedomHKG101,,#sos  #ccp  #China_is_terrorist #BoycottChina #Hongkong #Hk #香港デモ #Hongkongprotest #antiEALB #antichinazi #freedom #StandWithHongKong #FreeHongKong #NoChinaExtradition #BoycottMulan #HongKongPolice  #HKPoliceTerrorism  #HongKongProtests,und,[],[],[],0,0,0,"['sos', 'ccp', 'china_is_terrorist', 'boycottchina', 'hongkong', 'hk', '香港デモ', 'hongkongprotest', 'antiealb', 'antichinazi', 'freedom', 'standwithhongkong', 'freehongkong', 'nochinaextradition', 'boycottmulan', 'hongkongpolice', 'hkpoliceterrorism', 'hongkongprotests']",[],https://twitter.com/FreedomHkG101/status/1284855724212813825,False,https://twitter.com/WilliamYang120/status/1284745235612876802,0,,,,,,,,[],,,,
1284162674943823873,1284162674943823873,2020-07-17 12:26:54 Eastern Daylight Time,2020-07-17,12:26:54,-0400,869944336875745280,kht_renaor,kht_light💜,,«Request Permanent Court of Arbitration to Investigate Unlawful Use of Force of Hong Kong Police»  https://t.co/gYJk7y40EK #StandWithHongKong  #NoChinaExtradition #antiELAB #SOSHK #反送中 #FreeHongKong #StandwithHK #HKLastwords #SaveHongKong #HongKongProtest #DemocracyNow,en,[],['http://chng.it/tC6JdXyG'],[],0,0,0,"['standwithhongkong', 'nochinaextradition', 'antielab', 'soshk', '反送中', 'freehongkong', 'standwithhk', 'hklastwords', 'savehongkong', 'hongkongprotest', 'democracynow']",[],https://twitter.com/kht_renaor/status/1284162674943823873,False,,0,,,,,,,,[],,,,
1282001778091929600,1282001778091929600,2020-07-11 13:20:16 Eastern Daylight Time,2020-07-11,13:20:16,-0400,1254125563322630149,coder_ria,Riya Tyagi ★,,#saynotochina #nochinaextradition  #chinazi #BoycottChina  https://t.co/7WpE1hwkSi,und,[],[],['https://pbs.twimg.com/media/EcqVj5GXgAYs-o8.png'],0,0,2,"['saynotochina', 'nochinaextradition', 'chinazi', 'boycottchina']",[],https://twitter.com/coder_ria/status/1282001778091929600,False,,1,https://pbs.twimg.com/media/EcqVj5GXgAYs-o8.png,,,,,,,[],,,,
1280370366150373377,1280370366150373377,2020-07-07 01:17:38 Eastern Daylight Time,2020-07-07,01:17:38,-0400,953395628784066560,indicanews1,indicanews.com,,"Everybody is talking about China, not necessarily in a good way. Read More: https://t.co/SFoxOSAllb #StopChina #saynotochina #boycottbeijing #nochinaextradition #fightfordemocracy #noextradictiontochina #china #BoycottChineseProducts #HumanRights  https://t.co/nFRmBFsMqM",en,[],['https://bit.ly/2NXEdsi'],['https://pbs.twimg.com/media/EcTIrLBUYAAZ3az.jpg'],1,1,2,"['stopchina', 'saynotochina', 'boycottbeijing', 'nochinaextradition', 'fightfordemocracy', 'noextradictiontochina', 'china', 'boycottchineseproducts', 'humanrights']",[],https://twitter.com/indicanews1/status/1280370366150373377,False,,1,https://pbs.twimg.com/media/EcTIrLBUYAAZ3az.jpg,,,,,,,[],,,,
1280347069517946880,1279585827350122496,2020-07-06 23:45:03 Eastern Daylight Time,2020-07-06,23:45:03,-0400,991938539968499712,stockjoke,Stock Joker,,@elonmusk @elonmusk knows the communist 🇨🇳 #CCP 🇨🇳 is a failure! #FreeHongKong!!! #hongkongpolicebrutality #noextraditiontochina #hongkongisnotchina #nochinaextradition #hkprotests #therevolutionofourtimes #fightforhongkong,en,[],[],[],0,0,0,"['ccp', 'freehongkong', 'hongkongpolicebrutality', 'noextraditiontochina', 'hongkongisnotchina', 'nochinaextradition', 'hkprotests', 'therevolutionofourtimes', 'fightforhongkong']",[],https://twitter.com/StockJoke/status/1280347069517946880,False,,0,,,,,,,,"[{'screen_name': 'elonmusk', 'name': 'Elon Musk', 'id': '44196397'}]",,,,
1279626465328447488,1279626465328447488,2020-07-05 00:01:38 Eastern Daylight Time,2020-07-05,00:01:38,-0400,1246781226234433538,phulk007,Gotya_k_memes,,Bhaio Virodh karo par Antinational mat bano rahulgandhi  incindia  #boycottchina #hongkong #freehk #boycottmulan #saynotochina #boycottbeijing #shameonyouraga #nochinaextradition #hongkongisnotchina…  https://t.co/q2NimLQeun,hi,[],['https://www.instagram.com/p/CCPwmqtlRID/?igshid=it00pm4eshp6'],[],0,0,0,"['boycottchina', 'hongkong', 'freehk', 'boycottmulan', 'saynotochina', 'boycottbeijing', 'shameonyouraga', 'nochinaextradition', 'hongkongisnotchina']",[],https://twitter.com/PHulk007/status/1279626465328447488,False,,0,,,,,,,,[],,,,
1279293502652731392,1279293502652731392,2020-07-04 01:58:33 Eastern Daylight Time,2020-07-04,01:58:33,-0400,592878548,manishoct1986,Manish Sharma,,"Why after 7 to 8-month #WorldHealthOrganization saying first alerted to #Coronavirus by own #office in China, not #China ?.  #BanChineseProducts  #BanTikTokInIndia  #banchineseapp   #BoycottChina  #nochinaextradition #ChinaVirus  #banchinaapps  #BanChinaTravel #BanChinaFlight  https://t.co/e8CkmMqSGW",en,[],[],['https://pbs.twimg.com/media/EcD2dkhVcAANLbY.jpg'],1,0,0,"['worldhealthorganization', 'coronavirus', 'office', 'china', 'banchineseproducts', 'bantiktokinindia', 'banchineseapp', 'boycottchina', 'nochinaextradition', 'chinavirus', 'banchinaapps', 'banchinatravel', 'banchinaflight']",[],https://twitter.com/manishoct1986/status/1279293502652731392,False,,1,https://pbs.twimg.com/media/EcD2dkhVcAANLbY.jpg,,,,,,,[],,,,
1279154375215255552,1279154375215255552,2020-07-03 16:45:43 Eastern Daylight Time,2020-07-03,16:45:43,-0400,1277014960162377733,jack04828467,Jack,,#StandWithHongKong l #NoChinaExtradition l #antiELAB l #SOSHK l #反送中 l #FreeHongKong l #StandwithHK l #HKLastwords #SaveHongKong il #HongKongProtest l #DemocracyNow l #NoExtraditionToChina l #Shout4HK l #BoycottBlizzard,ca,[],[],[],0,0,0,"['standwithhongkong', 'nochinaextradition', 'antielab', 'soshk', '反送中', 'freehongkong', 'standwithhk', 'hklastwords', 'savehongkong', 'hongkongprotest', 'democracynow', 'noextraditiontochina', 'shout4hk', 'boycottblizzard']",[],https://twitter.com/Jack04828467/status/1279154375215255552,False,https://twitter.com/Jack04828467/status/1279150176079360007,0,,,,,,,,[],,,,
1278476980418039808,1278476980418039808,2020-07-01 19:53:59 Eastern Daylight Time,2020-07-01,19:53:59,-0400,1053510900425023488,nriecpk,Nick Rep,,#StandWithHongKong l #NoChinaExtradition l #antiELAB l #SOSHK l #反送中 l #FreeHongKong l #StandwithHK l #HKLastwords #SaveHongKong il #HongKongProtest l #DemocracyNow l #NoExtraditionToChina l #Shout4HK l #BoycottBlizzard,ca,[],[],[],0,0,0,"['standwithhongkong', 'nochinaextradition', 'antielab', 'soshk', '反送中', 'freehongkong', 'standwithhk', 'hklastwords', 'savehongkong', 'hongkongprotest', 'democracynow', 'noextraditiontochina', 'shout4hk', 'boycottblizzard']",[],https://twitter.com/nriecpk/status/1278476980418039808,False,,0,,,,,,,,[],,,,
1278367873942126593,1278367873942126593,2020-07-01 12:40:26 Eastern Daylight Time,2020-07-01,12:40:26,-0400,761699083,microimpero,Micronazione Sovrana Impero,,[Esteri] Si è sciolto #Demosistō a Hong Kong  https://t.co/X4rrKBRqvJ #Demosisto #HongKong #cina #HongKongProtests #antiELAB #NoChinaExtradition #freehongkong #HongKongisnotChina #ChinaLiedAndPeopleDied #china #JoshuaWong #AgnesChow,it,[],['http://imperoforum.altervista.org/viewtopic.php?f=28&t=390'],[],0,0,0,"['demosistō', 'demosisto', 'hongkong', 'cina', 'hongkongprotests', 'antielab', 'nochinaextradition', 'freehongkong', 'hongkongisnotchina', 'chinaliedandpeopledied', 'china', 'joshuawong', 'agneschow']",[],https://twitter.com/microimpero/status/1278367873942126593,False,,0,,,,,,,,[],,,,
1278329502028849152,1278329502028849152,2020-07-01 10:07:58 Eastern Daylight Time,2020-07-01,10:07:58,-0400,1190691221166940161,freedomhkg101,FreedomHKG101,,#sos #hklaw #ccp #China_is_terrorist #BoycottChina #Hongkong #Hk #香港デモ #Hongkongprotest #antiEALB #antichinazi #freedom #StandWithHongKong #FreeHongKong #NoChinaExtradition #BoycottMulan #HongKongPolice  #HKPoliceTerrorism  #HongKongProtests,und,[],[],[],0,0,0,"['sos', 'hklaw', 'ccp', 'china_is_terrorist', 'boycottchina', 'hongkong', 'hk', '香港デモ', 'hongkongprotest', 'antiealb', 'antichinazi', 'freedom', 'standwithhongkong', 'freehongkong', 'nochinaextradition', 'boycottmulan', 'hongkongpolice', 'hkpoliceterrorism', 'hongkongprotests']",[],https://twitter.com/FreedomHkG101/status/1278329502028849152,False,https://twitter.com/HKGlobalConnect/status/1278310406356824064,0,,,,,,,,[],,,,
1278329208360460288,1278329208360460288,2020-07-01 10:06:48 Eastern Daylight Time,2020-07-01,10:06:48,-0400,1190691221166940161,freedomhkg101,FreedomHKG101,,Fuck the popo  #sos #hklaw #ccp #China_is_terrorist #BoycottChina #Hongkong #Hk #香港デモ #Hongkongprotest #antiEALB #antichinazi #freedom #StandWithHongKong #FreeHongKong #NoChinaExtradition #BoycottMulan #HongKongPolice  #HKPoliceTerrorism  #HongKongProtests,en,[],[],[],0,0,0,"['sos', 'hklaw', 'ccp', 'china_is_terrorist', 'boycottchina', 'hongkong', 'hk', '香港デモ', 'hongkongprotest', 'antiealb', 'antichinazi', 'freedom', 'standwithhongkong', 'freehongkong', 'nochinaextradition', 'boycottmulan', 'hongkongpolice', 'hkpoliceterrorism', 'hongkongprotests']",[],https://twitter.com/FreedomHkG101/status/1278329208360460288,False,https://twitter.com/rachelblundy/status/1278308479405441024,0,,,,,,,,[],,,,
1277843372506374144,1277843372506374144,2020-06-30 01:56:15 Eastern Daylight Time,2020-06-30,01:56:15,-0400,592878548,manishoct1986,Manish Sharma,,"#Indiangovernment taken good step to #bans 59 #Chineseapps including top popular app in #India #TikTok, #Helo, #WeChat.   #boycottchina #hongkong #saynotochina #boycottbeijing #chinazi #nochinaextradition    https://t.co/KHcaJ3zhud",en,[],['http://shorturl.at/vxJPV'],[],0,0,0,"['indiangovernment', 'bans', 'chineseapps', 'india', 'tiktok', 'helo', 'wechat', 'boycottchina', 'hongkong', 'saynotochina', 'boycottbeijing', 'chinazi', 'nochinaextradition']",[],https://twitter.com/manishoct1986/status/1277843372506374144,False,,0,,,,,,,,[],,,,
1277638231614357504,1277638231614357504,2020-06-29 12:21:06 Eastern Daylight Time,2020-06-29,12:21:06,-0400,1190691221166940161,freedomhkg101,FreedomHKG101,,This is Why we Fight? #sos #hklaw #ccp #China_is_terrorist #BoycottChina #Hongkong #Hk #香港デモ #Hongkongprotest #antiEALB #antichinazi #freedom #StandWithHongKong #FreeHongKong #NoChinaExtradition #BoycottMulan #HongKongPolice  #HKPoliceTerrorism  #HongKongProtests,en,[],[],[],0,0,1,"['sos', 'hklaw', 'ccp', 'china_is_terrorist', 'boycottchina', 'hongkong', 'hk', '香港デモ', 'hongkongprotest', 'antiealb', 'antichinazi', 'freedom', 'standwithhongkong', 'freehongkong', 'nochinaextradition', 'boycottmulan', 'hongkongpolice', 'hkpoliceterrorism', 'hongkongprotests']",[],https://twitter.com/FreedomHkG101/status/1277638231614357504,False,https://twitter.com/rarepepepartyhk/status/1277168823552978944,0,,,,,,,,[],,,,
1277578805603790849,1277578805603790849,2020-06-29 08:24:58 Eastern Daylight Time,2020-06-29,08:24:58,-0400,1277207144635355143,qiansu9,Qiansu_,,#HongKong #countryhumanHongKong #countryhumans #countryhuman #CountryHuman #NoChinaExtradition  https://t.co/iwdtv6SGpF,und,[],[],['https://pbs.twimg.com/media/EbrfJCZUYAAro_x.jpg'],1,19,157,"['hongkong', 'countryhumanhongkong', 'countryhumans', 'countryhuman', 'countryhuman', 'nochinaextradition']",[],https://twitter.com/Qiansu9/status/1277578805603790849,False,,1,https://pbs.twimg.com/media/EbrfJCZUYAAro_x.jpg,,,,,,,[],,,,
1277193047919353856,1277193047919353856,2020-06-28 06:52:06 Eastern Daylight Time,2020-06-28,06:52:06,-0400,1190691221166940161,freedomhkg101,FreedomHKG101,,#sos #hklaw #ccp #China_is_terrorist #BoycottChina #Hongkong #Hk #香港デモ #Hongkongprotest #antiEALB #antichinazi #freedom #StandWithHongKong #FreeHongKong #NoChinaExtradition #BoycottMulan #HongKongPolice  #HKPoliceTerrorism  #HongKongProtests,und,[],[],[],0,0,1,"['sos', 'hklaw', 'ccp', 'china_is_terrorist', 'boycottchina', 'hongkong', 'hk', '香港デモ', 'hongkongprotest', 'antiealb', 'antichinazi', 'freedom', 'standwithhongkong', 'freehongkong', 'nochinaextradition', 'boycottmulan', 'hongkongpolice', 'hkpoliceterrorism', 'hongkongprotests']",[],https://twitter.com/FreedomHkG101/status/1277193047919353856,False,https://twitter.com/lihkg_forum/status/1277184791704674305,0,,,,,,,,[],,,,
1276693455209553920,1276693455209553920,2020-06-26 21:46:54 Eastern Daylight Time,2020-06-26,21:46:54,-0400,1190691221166940161,freedomhkg101,FreedomHKG101,,This is HK police   #sos #hklaw #ccp #China_is_terrorist #BoycottChina #Hongkong #Hk #香港デモ #Hongkongprotest #antiEALB #antichinazi #freedom #StandWithHongKong #FreeHongKong #NoChinaExtradition #BoycottMulan #HongKongPolice  #HKPoliceTerrorism  #HongKongProtests,en,[],[],[],0,0,1,"['sos', 'hklaw', 'ccp', 'china_is_terrorist', 'boycottchina', 'hongkong', 'hk', '香港デモ', 'hongkongprotest', 'antiealb', 'antichinazi', 'freedom', 'standwithhongkong', 'freehongkong', 'nochinaextradition', 'boycottmulan', 'hongkongpolice', 'hkpoliceterrorism', 'hongkongprotests']",[],https://twitter.com/FreedomHkG101/status/1276693455209553920,False,https://twitter.com/VerbatimHKG/status/1276470849827041280,0,,,,,,,,[],,,,
1276532281893502977,1276530109193744385,2020-06-26 11:06:27 Eastern Daylight Time,2020-06-26,11:06:27,-0400,1182034620222566400,bharattodaynews,PROUD TO BE A HUMAN.,,@SonuSood #boycottchina #hongkong #freehk #boycottmulan #saynotochina #boycottbeijing #chinazi #nochinaextradition #BoycottMadeInChina  https://t.co/Lrk9fpiS47,und,[],[],[],0,0,0,"['boycottchina', 'hongkong', 'freehk', 'boycottmulan', 'saynotochina', 'boycottbeijing', 'chinazi', 'nochinaextradition', 'boycottmadeinchina']",[],https://twitter.com/BharattodayNews/status/1276532281893502977,False,,1,https://pbs.twimg.com/ext_tw_video_thumb/1276532181645422592/pu/img/vAI-ugD46k4v5fqW.jpg,,,,,,,"[{'screen_name': 'SonuSood', 'name': 'sonu sood', 'id': '295026890'}]",,,,
1276098459200700418,1276098459200700418,2020-06-25 06:22:36 Eastern Daylight Time,2020-06-25,06:22:36,-0400,1190691221166940161,freedomhkg101,FreedomHKG101,,#sos #hklaw #ccp #China_is_terrorist #BoycottChina #Hongkong #Hk #香港デモ #Hongkongprotest #antiEALB #antichinazi #freedom #StandWithHongKong #FreeHongKong #NoChinaExtradition #BoycottMulan #HongKongPolice  #HKPoliceTerrorism  #HongKongProtests,und,[],[],[],0,0,2,"['sos', 'hklaw', 'ccp', 'china_is_terrorist', 'boycottchina', 'hongkong', 'hk', '香港デモ', 'hongkongprotest', 'antiealb', 'antichinazi', 'freedom', 'standwithhongkong', 'freehongkong', 'nochinaextradition', 'boycottmulan', 'hongkongpolice', 'hkpoliceterrorism', 'hongkongprotests']",[],https://twitter.com/FreedomHkG101/status/1276098459200700418,False,https://twitter.com/demosisto/status/1276087680187727873,0,,,,,,,,[],,,,
1274893319877693440,1274893319877693440,2020-06-21 22:33:48 Eastern Daylight Time,2020-06-21,22:33:48,-0400,1174477530998300673,camy7candy,ecofren camelia,,"""kroisan dengan krim mentega"" poor taste,Made in Malaysia products POOR-Muchico Bakery Sdn Bhd POOR-Kementerian Perdagangan Antarabangsa&amp; Industri(MITI) always POOR-Malaysia POOR country! #malaysia #prayforhongkong #hongkong #反送中 #香港 #nochinaextradition #黑警",in,[],[],[],0,0,0,"['malaysia', 'prayforhongkong', 'hongkong', '反送中', '香港', 'nochinaextradition', '黑警']",[],https://twitter.com/Camy7Candy/status/1274893319877693440,False,,0,,,,,,,,[],,,,
1274030490165497856,1274030490165497856,2020-06-19 13:25:13 Eastern Daylight Time,2020-06-19,13:25:13,-0400,1274013783501844481,iamshankarnayak,SHANKAR,,JOIN HANDS WITH US AND DELETE ALL CHINES APPS an INDIAN request #BoycottChina #boycottchina #hongkong #freehk #boycottmulan #saynotochina #boycottbeijing #chinazi #nochinaextradition #hongkongisnotchina #standagainsttyranny #fightfordemocracy #India  https://t.co/347WBiZOdj,en,[],[],['https://pbs.twimg.com/media/Ea5DLMhUwAELuZG.jpg'],0,1,3,"['boycottchina', 'boycottchina', 'hongkong', 'freehk', 'boycottmulan', 'saynotochina', 'boycottbeijing', 'chinazi', 'nochinaextradition', 'hongkongisnotchina', 'standagainsttyranny', 'fightfordemocracy', 'india']",[],https://twitter.com/iamshankarnayak/status/1274030490165497856,False,,1,https://pbs.twimg.com/media/Ea5DLMhUwAELuZG.jpg,,,,,,,[],,,,
1273861008851791872,1273861008851791872,2020-06-19 02:11:46 Eastern Daylight Time,2020-06-19,02:11:46,-0400,1097730184373923841,official_sid04,Siddharth Mishra,,#boycottchina #hongkong #freehk #boycottmulan #saynotochina #boycottbeijing #chinazi #nochinaextradition #hongkongisnotchina #standagainsttyranny #fightfordemocracy #noextradictiontochina #policebrutality #standwithhk #fightforhongkong #endpolicebrutality #antichinazi  @PMOIndia  https://t.co/6tYlfqcGie,und,"[{'screen_name': 'pmoindia', 'name': 'pmo india', 'id': '471741741'}]",[],['https://pbs.twimg.com/media/Ea2p1EAU8AAjsTT.jpg'],0,0,1,"['boycottchina', 'hongkong', 'freehk', 'boycottmulan', 'saynotochina', 'boycottbeijing', 'chinazi', 'nochinaextradition', 'hongkongisnotchina', 'standagainsttyranny', 'fightfordemocracy', 'noextradictiontochina', 'policebrutality', 'standwithhk', 'fightforhongkong', 'endpolicebrutality', 'antichinazi']",[],https://twitter.com/official_sid04/status/1273861008851791872,False,,1,https://pbs.twimg.com/media/Ea2p1EAU8AAjsTT.jpg,,,,,,,[],,,,
1273854584784515078,1273854584784515078,2020-06-19 01:46:14 Eastern Daylight Time,2020-06-19,01:46:14,-0400,827729980821995521,shayariteresang,shayariteresang,,#boycottchina #hongkong #freehk #boycottmulan #saynotochina #boycottbeijing #chinazi #nochinaextradition #hongkongisnotchina #standagainsttyranny #fightfordemocracy #noextradictiontochina #policebrutality #standwithhk #fightforhongkong #endpolicebrutality #antichinazi  https://t.co/6753TKCBUO,und,[],[],['https://pbs.twimg.com/media/Ea2j-_0VAAAsb2I.jpg'],0,0,0,"['boycottchina', 'hongkong', 'freehk', 'boycottmulan', 'saynotochina', 'boycottbeijing', 'chinazi', 'nochinaextradition', 'hongkongisnotchina', 'standagainsttyranny', 'fightfordemocracy', 'noextradictiontochina', 'policebrutality', 'standwithhk', 'fightforhongkong', 'endpolicebrutality', 'antichinazi']",[],https://twitter.com/shayariteresang/status/1273854584784515078,False,,1,https://pbs.twimg.com/media/Ea2j-_0VAAAsb2I.jpg,,,,,,,[],,,,
1273713199632678913,1273682935552581632,2020-06-18 16:24:25 Eastern Daylight Time,2020-06-18,16:24:25,-0400,873512652554739713,sandrine27hk,Sandrine 🍎🍎🍎,,"@amaleshwar Thanks. Interesting. To flesh out the stats, huge spike wouldve started for #TiananmenSquareMassacre 30th anniv at #VictoriaPark #HongKong  By 4Jun 2019, HKers woke up to a poss Tiananmen 2.0 w #NoChinaExtradition Bill  9 &amp; 12 Jun protests n #The2MillionMarch_616. ZERO damage.  https://t.co/Y9zpir0a0p",en,[],[],"['https://pbs.twimg.com/media/Ea0jUO1UwAA6e9z.jpg', 'https://pbs.twimg.com/media/Ea0h71PU0AEOPKk.jpg', 'https://pbs.twimg.com/media/Ea0iMhmUcAEOukC.jpg', 'https://pbs.twimg.com/media/Ea0iMuMUMAA6z0Q.jpg']",1,0,2,"['tiananmensquaremassacre', 'victoriapark', 'hongkong', 'nochinaextradition', 'the2millionmarch_616']",[],https://twitter.com/Sandrine27Hk/status/1273713199632678913,False,,1,https://pbs.twimg.com/media/Ea0jUO1UwAA6e9z.jpg,,,,,,,"[{'screen_name': 'amaleshwar', 'name': 'Amal Sinha', 'id': '124367280'}]",,,,
1273319759317274627,1273319759317274627,2020-06-17 14:21:02 Eastern Daylight Time,2020-06-17,14:21:02,-0400,1150763678221787138,ruchipa03473939,Ruchi pandey,,#boycottchina #hongkong #freehk #boycottmulan #saynotochina #boycottbeijing #chinazi #nochinaextradition #hongkongisnotchina #standagainsttyranny #fightfordemocracy #noextradictiontochina #policebrutality…  https://t.co/OjxWOI2zHS,und,[],['https://www.instagram.com/p/CBi8pdqAwLO/?igshid=18d99fo50cwn8'],[],0,0,0,"['boycottchina', 'hongkong', 'freehk', 'boycottmulan', 'saynotochina', 'boycottbeijing', 'chinazi', 'nochinaextradition', 'hongkongisnotchina', 'standagainsttyranny', 'fightfordemocracy', 'noextradictiontochina', 'policebrutality']",[],https://twitter.com/Ruchipa03473939/status/1273319759317274627,False,,0,,,,,,,,[],,,,
1273126043122098178,1273126043122098178,2020-06-17 01:31:16 Eastern Daylight Time,2020-06-17,01:31:16,-0400,1150763678221787138,ruchipa03473939,Ruchi pandey,,#boycottchina #hongkong #freehk #boycottmulan #saynotochina #boycottbeijing #chinazi #nochinaextradition #hongkongisnotchina #standagainsttyranny #fightfordemocracy #noextradictiontochina #policebrutality…  https://t.co/Q0vt92DADS,und,[],['https://www.instagram.com/p/CBhkjl6gHwP/?igshid=rrn3zk4c7i7w'],[],0,0,0,"['boycottchina', 'hongkong', 'freehk', 'boycottmulan', 'saynotochina', 'boycottbeijing', 'chinazi', 'nochinaextradition', 'hongkongisnotchina', 'standagainsttyranny', 'fightfordemocracy', 'noextradictiontochina', 'policebrutality']",[],https://twitter.com/Ruchipa03473939/status/1273126043122098178,False,,0,,,,,,,,[],,,,
1272835799013134337,1272835799013134337,2020-06-16 06:17:57 Eastern Daylight Time,2020-06-16,06:17:57,-0400,1070001788089061377,seanpang10,Sean,,616，一年。 香港，回不去了。 但我們，沒有放棄， 沒有忘記，也再沒有退路。  #hkboy #hkig #fightforfreedom #standwithhongkong #5demandsnot1less #光復香港時代革命 #nochinaextradition #hkprotest #nopolicebrutality  https://t.co/DxHVll0naP,zh,[],[],['https://pbs.twimg.com/media/EaoFYs1U4AU6bxN.jpg'],0,0,2,"['hkboy', 'hkig', 'fightforfreedom', 'standwithhongkong', '5demandsnot1less', '光復香港時代革命', 'nochinaextradition', 'hkprotest', 'nopolicebrutality']",[],https://twitter.com/SeanPang10/status/1272835799013134337,False,,1,https://pbs.twimg.com/media/EaoFYs1U4AU6bxN.jpg,,,,,,,[],,,,
1272164828556099584,1272164828556099584,2020-06-14 09:51:45 Eastern Daylight Time,2020-06-14,09:51:45,-0400,1190691221166940161,freedomhkg101,FreedomHKG101,,this is 16 yr old school girl #sos #hklaw #ccp #China_is_terrorist #BoycottChina #Hongkong #Hk #香港デモ #Hongkongprotest #antiEALB #antichinazi #freedom #StandWithHongKong #FreeHongKong #NoChinaExtradition #HongKongPolice  #HKPoliceTerrorism  #HongKongProtests #YounglivesMatter,en,[],[],[],0,1,3,"['sos', 'hklaw', 'ccp', 'china_is_terrorist', 'boycottchina', 'hongkong', 'hk', '香港デモ', 'hongkongprotest', 'antiealb', 'antichinazi', 'freedom', 'standwithhongkong', 'freehongkong', 'nochinaextradition', 'hongkongpolice', 'hkpoliceterrorism', 'hongkongprotests', 'younglivesmatter']",[],https://twitter.com/FreedomHkG101/status/1272164828556099584,False,https://twitter.com/OzraeliAvi/status/1272068898477584387,0,,,,,,,,[],,,,
1271981650881069056,1271981650881069056,2020-06-13 21:43:52 Eastern Daylight Time,2020-06-13,21:43:52,-0400,1190691221166940161,freedomhkg101,FreedomHKG101,,Treat female students like this  #sos #hklaw #ccp #China_is_terrorist #BoycottChina #Hongkong #Hk #香港デモ #Hongkongprotest #antiEALB #antichinazi #freedom #StandWithHongKong #FreeHongKong #NoChinaExtradition #HongKongPolice  #HKPoliceTerrorism  #HongKongProtests,en,[],[],[],0,1,2,"['sos', 'hklaw', 'ccp', 'china_is_terrorist', 'boycottchina', 'hongkong', 'hk', '香港デモ', 'hongkongprotest', 'antiealb', 'antichinazi', 'freedom', 'standwithhongkong', 'freehongkong', 'nochinaextradition', 'hongkongpolice', 'hkpoliceterrorism', 'hongkongprotests']",[],https://twitter.com/FreedomHkG101/status/1271981650881069056,False,https://twitter.com/HKGlobalConnect/status/1271656500524544001,0,,,,,,,,[],,,,
1271683374722121728,1270792357936615427,2020-06-13 01:58:37 Eastern Daylight Time,2020-06-13,01:58:37,-0400,1136856346370822144,unminced_words,Unminced,,#policebrutality #police #hongkong #fightforfreedom #antichinazi #hk #policestate #standwithhk #racism #chinazi #justice #antielab #hongkongprotests #freedom #policethepolice #demandsnot #less #nochinaextradition #nojusticenopeace #humanrights #excessiveforce #cops #nrc,und,[],[],[],0,0,0,"['policebrutality', 'police', 'hongkong', 'fightforfreedom', 'antichinazi', 'hk', 'policestate', 'standwithhk', 'racism', 'chinazi', 'justice', 'antielab', 'hongkongprotests', 'freedom', 'policethepolice', 'demandsnot', 'less', 'nochinaextradition', 'nojusticenopeace', 'humanrights', 'excessiveforce', 'cops', 'nrc']",[],https://twitter.com/Unminced_Words/status/1271683374722121728,False,,0,,,,,,,,[],,,,
1271472361359831042,1271472361359831042,2020-06-12 12:00:08 Eastern Daylight Time,2020-06-12,12:00:08,-0400,1190691221166940161,freedomhkg101,FreedomHKG101,,#sos #hklaw #ccp #usa  #China_is_terrorist #BoycottChina #Hongkong #Hk #香港デモ #Hongkongprotest #antiEALB #antichinazi #freedom #StandWithHongKong #FreeHongKong #NoChinaExtradition #BoycottMulan #HongKongPolice  #HKPoliceTerrorism  #HongKongProtests,und,[],[],[],0,0,4,"['sos', 'hklaw', 'ccp', 'usa', 'china_is_terrorist', 'boycottchina', 'hongkong', 'hk', '香港デモ', 'hongkongprotest', 'antiealb', 'antichinazi', 'freedom', 'standwithhongkong', 'freehongkong', 'nochinaextradition', 'boycottmulan', 'hongkongpolice', 'hkpoliceterrorism', 'hongkongprotests']",[],https://twitter.com/FreedomHkG101/status/1271472361359831042,False,https://twitter.com/HeungGongJai/status/1271438695933947904,0,,,,,,,,[],,,,
1271470423901745153,1271470423901745153,2020-06-12 11:52:26 Eastern Daylight Time,2020-06-12,11:52:26,-0400,1190691221166940161,freedomhkg101,FreedomHKG101,,#sos #hklaw #ccp #usa  #China_is_terrorist #BoycottChina #Hongkong #Hk #香港デモ #Hongkongprotest #antiEALB #antichinazi #freedom #StandWithHongKong #FreeHongKong #NoChinaExtradition #BoycottMulan #HongKongPolice  #HKPoliceTerrorism  #HongKongProtests,und,[],[],[],0,0,1,"['sos', 'hklaw', 'ccp', 'usa', 'china_is_terrorist', 'boycottchina', 'hongkong', 'hk', '香港デモ', 'hongkongprotest', 'antiealb', 'antichinazi', 'freedom', 'standwithhongkong', 'freehongkong', 'nochinaextradition', 'boycottmulan', 'hongkongpolice', 'hkpoliceterrorism', 'hongkongprotests']",[],https://twitter.com/FreedomHkG101/status/1271470423901745153,False,https://twitter.com/JackHHazlewood/status/1271453262110248960,0,,,,,,,,[],,,,
1271469047356567554,1271469047356567554,2020-06-12 11:46:58 Eastern Daylight Time,2020-06-12,11:46:58,-0400,1190691221166940161,freedomhkg101,FreedomHKG101,,#sos #hklaw #ccp #usa  #China_is_terrorist #BoycottChina #Hongkong #Hk #香港デモ #Hongkongprotest #antiEALB #antichinazi #freedom #StandWithHongKong #FreeHongKong #NoChinaExtradition #BoycottMulan #HongKongPolice  #HKPoliceTerrorism  #HongKongProtests,und,[],[],[],0,0,1,"['sos', 'hklaw', 'ccp', 'usa', 'china_is_terrorist', 'boycottchina', 'hongkong', 'hk', '香港デモ', 'hongkongprotest', 'antiealb', 'antichinazi', 'freedom', 'standwithhongkong', 'freehongkong', 'nochinaextradition', 'boycottmulan', 'hongkongpolice', 'hkpoliceterrorism', 'hongkongprotests']",[],https://twitter.com/FreedomHkG101/status/1271469047356567554,False,https://twitter.com/tekpanyakilover/status/1271442563803668482,0,,,,,,,,[],,,,
1271281184744456192,1271281184744456192,2020-06-11 23:20:28 Eastern Daylight Time,2020-06-11,23:20:28,-0400,1166228003879211009,tongong7,tongong,,"612, the day which had change HK We never forget  The darkest hour is that before the dawn Photo credit: Samson Huang  #MayGloryToHK #願榮光歸香港  #NoChinaExtradition #FightForFreedomStandWithHK  https://t.co/DcHt0mIzGk",en,[],[],['https://pbs.twimg.com/media/EaR-HxFU0AApYCP.jpg'],0,0,0,"['mayglorytohk', '願榮光歸香港', 'nochinaextradition', 'fightforfreedomstandwithhk']",[],https://twitter.com/tongong7/status/1271281184744456192,False,,1,https://pbs.twimg.com/media/EaR-HxFU0AApYCP.jpg,,,,,,,[],,,,
1271184987426078722,1271184987426078722,2020-06-11 16:58:13 Eastern Daylight Time,2020-06-11,16:58:13,-0400,761699083,microimpero,Micronazione Sovrana Impero,,[Esteri] A Hong Kong si manifesta per ricordare la lotta contro la legge sull'estradizione in #Cina  https://t.co/wKMURgeFGg #HongKong #HongKongProtests #antiELAB #NoChinaExtradition #freehongkong #indipendentismo #HongKongisnotChina #china #indipendenza,it,[],['http://imperoforum.altervista.org/viewtopic.php?f=28&t=365'],[],0,0,0,"['cina', 'hongkong', 'hongkongprotests', 'antielab', 'nochinaextradition', 'freehongkong', 'indipendentismo', 'hongkongisnotchina', 'china', 'indipendenza']",[],https://twitter.com/microimpero/status/1271184987426078722,False,,0,,,,,,,,[],,,,
1271153440828329984,1271153440828329984,2020-06-11 14:52:51 Eastern Daylight Time,2020-06-11,14:52:51,-0400,1262055019597217793,artzorika,Zorika Art,,#digitaldrawing #digitalartist #digitalart #artistoninstagram  #fightforfreedomstandwithhongkong #standwithhongkong #nochinaextradition #hongkongprotest #freehongkong #savehongkong #insoldarity #staystrong #Revolution #hongkongprotest #hongkong🇭🇰  https://t.co/uV1rHtU9ex,und,[],[],['https://pbs.twimg.com/media/EaQLODRXsAAqQ2W.jpg'],0,0,0,"['digitaldrawing', 'digitalartist', 'digitalart', 'artistoninstagram', 'fightforfreedomstandwithhongkong', 'standwithhongkong', 'nochinaextradition', 'hongkongprotest', 'freehongkong', 'savehongkong', 'insoldarity', 'staystrong', 'revolution', 'hongkongprotest', 'hongkong']",[],https://twitter.com/ArtZorika/status/1271153440828329984,False,,1,https://pbs.twimg.com/media/EaQLODRXsAAqQ2W.jpg,,,,,,,[],,,,
1270960216591544320,1270960216591544320,2020-06-11 02:05:03 Eastern Daylight Time,2020-06-11,02:05:03,-0400,62660658,yshdykhr,요시다유키히로 ЁсидаЮкихиро,,【昨年の今日】 https://t.co/vd3rHfmJZB #Akira #NoChinaExtradition #AntiELAB #反送中 #HongKong #June11 #June12,ja,[],['https://twitter.com/HkDock/status/1138272100001734657'],[],0,0,0,"['akira', 'nochinaextradition', 'antielab', '反送中', 'hongkong', 'june11', 'june12']",[],https://twitter.com/yshdykhr/status/1270960216591544320,False,https://twitter.com/HkDock/status/1138272100001734657,0,,,,,,,,[],,,,
1270377229415968768,1270377229415968768,2020-06-09 11:28:28 Eastern Daylight Time,2020-06-09,11:28:28,-0400,1190691221166940161,freedomhkg101,FreedomHKG101,,#sos #hklaw #ccp #China_is_terrorist #BoycottChina #Hongkong #Hk #香港デモ #Hongkongprotest #antiEALB #antichinazi #freedom #StandWithHongKong #FreeHongKong #NoChinaExtradition #BoycottMulan #HongKongPolice  #HKPoliceTerrorism  #HongKongProtests,und,[],[],[],0,0,1,"['sos', 'hklaw', 'ccp', 'china_is_terrorist', 'boycottchina', 'hongkong', 'hk', '香港デモ', 'hongkongprotest', 'antiealb', 'antichinazi', 'freedom', 'standwithhongkong', 'freehongkong', 'nochinaextradition', 'boycottmulan', 'hongkongpolice', 'hkpoliceterrorism', 'hongkongprotests']",[],https://twitter.com/FreedomHkG101/status/1270377229415968768,False,https://twitter.com/demosisto/status/1270357238683598853,0,,,,,,,,[],,,,
1270160541613297669,1270160541613297669,2020-06-08 21:07:26 Eastern Daylight Time,2020-06-08,21:07:26,-0400,1687338764,edwardchu71,EDWARD_CHU,,. 20190609 Never forget why you started  #riphk #nochinaextradition #홍콩 #남자 #에드워드 #film #filmphotography  #HongKonger #darkhk #instagramold #snapseed #google #pixel4 #pixelcamera #90s #mylife #photography  https://t.co/Gyo3YrI9Qj,en,[],[],['https://pbs.twimg.com/media/EaCERsHVcAA7b6X.jpg'],0,0,7,"['riphk', 'nochinaextradition', '홍콩', '남자', '에드워드', 'film', 'filmphotography', 'hongkonger', 'darkhk', 'instagramold', 'snapseed', 'google', 'pixel4', 'pixelcamera', '90s', 'mylife', 'photography']",[],https://twitter.com/EdwardChu71/status/1270160541613297669,False,,1,https://pbs.twimg.com/media/EaCERsHVcAA7b6X.jpg,,,,,,,[],,,,
1269283512714170369,1269283512714170369,2020-06-06 11:02:26 Eastern Daylight Time,2020-06-06,11:02:26,-0400,761699083,microimpero,Micronazione Sovrana Impero,,[Esteri] I cittadini di Hong Kong ricordano le vittime del Massacro di Piazza #Tienanmen  https://t.co/T7fE79naod #HongKong #cina #HongKongProtests #antiELAB #NoChinaExtradition #freehongkong #HongKongisnotChina #ChinaLiedAndPeopleDied #china #tienanmenmassacre #PiazzaTienanmen,it,[],['http://imperoforum.altervista.org/viewtopic.php?f=28&t=359'],[],0,0,1,"['tienanmen', 'hongkong', 'cina', 'hongkongprotests', 'antielab', 'nochinaextradition', 'freehongkong', 'hongkongisnotchina', 'chinaliedandpeopledied', 'china', 'tienanmenmassacre', 'piazzatienanmen']",[],https://twitter.com/microimpero/status/1269283512714170369,False,,0,,,,,,,,[],,,,
1269137255681187841,1269137255681187841,2020-06-06 01:21:15 Eastern Daylight Time,2020-06-06,01:21:15,-0400,2461199540,saiakashneelas,SaiAkash Neela - Mr.SAN,,India crosses Italy in case count of Covid19 infections!  #covid19 #coronavirus #covid #coronavirusinindia #covid19india  #saynotochina #boycottbeijing #chinazi #nochinaextradition #hongkongisnotchina…  https://t.co/unHvQnjgq8,en,[],['https://www.instagram.com/p/CBFOqhgA2BI/?igshid=46zdibwbmrkz'],[],0,0,1,"['covid19', 'coronavirus', 'covid', 'coronavirusinindia', 'covid19india', 'saynotochina', 'boycottbeijing', 'chinazi', 'nochinaextradition', 'hongkongisnotchina']",[],https://twitter.com/Saiakashneelas/status/1269137255681187841,False,,0,,,,,,,,[],,,,
1268824072512655361,1268824072512655361,2020-06-05 04:36:47 Eastern Daylight Time,2020-06-05,04:36:47,-0400,22507069,travelfoto,P H Yang Photography,,Photo of the Day 【#抗爭重燃】#IFC #快閃 #遊行 #抗議 #國安法   [#WeAreBack] #Flashmob #March at #IFC to #Protest #NationalSecurityLaws in #HongKong  https://t.co/VaVfbfRlmv #香港加油 #反送中 #反送中條例  #FreeHongKong #NoChinaExtradition #AntiELAB @hu_jia @aiww @oiwan @HongKongFP  https://t.co/XY5t29Omur,en,"[{'screen_name': 'hu_jia', 'name': 'hu jia 胡佳 😷', 'id': '340878876'}, {'screen_name': 'aiww', 'name': '艾未未  ai weiwei', 'id': '43654274'}, {'screen_name': 'oiwan', 'name': 'oiwan', 'id': '10306102'}]",['http://photo.phyang.org/photo_daily.htm'],['https://pbs.twimg.com/media/EZvEw2cUcAALWif.jpg'],1,1,0,"['抗爭重燃', 'ifc', '快閃', '遊行', '抗議', '國安法', 'weareback', 'flashmob', 'march', 'ifc', 'protest', 'nationalsecuritylaws', 'hongkong', '香港加油', '反送中', '反送中條例', 'freehongkong', 'nochinaextradition', 'antielab']",[],https://twitter.com/TravelFoto/status/1268824072512655361,False,,1,https://pbs.twimg.com/media/EZvEw2cUcAALWif.jpg,,,,,,,[],,,,
1268532380047822849,1268532380047822849,2020-06-04 09:17:42 Eastern Daylight Time,2020-06-04,09:17:42,-0400,1190691221166940161,freedomhkg101,FreedomHKG101,,#sos #hklaw #ccp  #China_is_terrorist #BoycottChina #Hongkong #Hk #香港デモ #Hongkongprotest #antiEALB #antichinazi #freedom #StandWithHongKong #FreeHongKong #NoChinaExtradition #BoycottMulan #HongKongPolice  #HKPoliceTerrorism  #HongKongProtests,und,[],[],[],0,0,1,"['sos', 'hklaw', 'ccp', 'china_is_terrorist', 'boycottchina', 'hongkong', 'hk', '香港デモ', 'hongkongprotest', 'antiealb', 'antichinazi', 'freedom', 'standwithhongkong', 'freehongkong', 'nochinaextradition', 'boycottmulan', 'hongkongpolice', 'hkpoliceterrorism', 'hongkongprotests']",[],https://twitter.com/FreedomHkG101/status/1268532380047822849,False,https://twitter.com/joshuawongcf/status/1268512394206040064,0,,,,,,,,[],,,,
1268410087506432008,1268410087506432008,2020-06-04 01:11:45 Eastern Daylight Time,2020-06-04,01:11:45,-0400,2461199540,saiakashneelas,SaiAkash Neela - Mr.SAN,,Biggest 1 day jump for in India in Covid19 cases and deaths!  #covid19 #coronavirus #covid #coronavirusinindia #covid19india   #saynotochina #boycottbeijing #chinazi #nochinaextradition #hongkongisnotchina…  https://t.co/gMZSCvdJ3W,en,[],['https://www.instagram.com/p/CBAD_KeA4dP/?igshid=1au66lvzglyah'],[],0,0,0,"['covid19', 'coronavirus', 'covid', 'coronavirusinindia', 'covid19india', 'saynotochina', 'boycottbeijing', 'chinazi', 'nochinaextradition', 'hongkongisnotchina']",[],https://twitter.com/Saiakashneelas/status/1268410087506432008,False,,0,,,,,,,,[],,,,
1268178119271362560,1268178119271362560,2020-06-03 09:49:59 Eastern Daylight Time,2020-06-03,09:49:59,-0400,2461199540,saiakashneelas,SaiAkash Neela - Mr.SAN,,Zoom’s Revenue graph increases as more consumers attracted to buy it!  #boycottchina #hongkong #freehk #boycottmulan #saynotochina #boycottbeijing #chinazi #nochinaextradition #hongkongisnotchina #standagainsttyranny…  https://t.co/gBUUhLcODZ,en,[],['https://www.instagram.com/p/CA-agG6AuXN/?igshid=1ieuwm8tc676'],[],0,0,0,"['boycottchina', 'hongkong', 'freehk', 'boycottmulan', 'saynotochina', 'boycottbeijing', 'chinazi', 'nochinaextradition', 'hongkongisnotchina', 'standagainsttyranny']",[],https://twitter.com/Saiakashneelas/status/1268178119271362560,False,,0,,,,,,,,[],,,,
1268070406226935809,1268070406226935809,2020-06-03 02:41:59 Eastern Daylight Time,2020-06-03,02:41:59,-0400,2461199540,saiakashneelas,SaiAkash Neela - Mr.SAN,,Google removes “Remove Chinese Apps” from Play Store!  #boycottchina #hongkong #freehk #boycottmulan #saynotochina #boycottbeijing #chinazi #nochinaextradition #hongkongisnotchina #standagainsttyranny…  https://t.co/O6z6YlTkC4,en,[],['https://www.instagram.com/p/CA9phOeAF0L/?igshid=187muh94brob5'],[],0,0,0,"['boycottchina', 'hongkong', 'freehk', 'boycottmulan', 'saynotochina', 'boycottbeijing', 'chinazi', 'nochinaextradition', 'hongkongisnotchina', 'standagainsttyranny']",[],https://twitter.com/Saiakashneelas/status/1268070406226935809,False,,0,,,,,,,,[],,,,
1267987282474065920,1267987282474065920,2020-06-02 21:11:40 Eastern Daylight Time,2020-06-02,21:11:40,-0400,1190691221166940161,freedomhkg101,FreedomHKG101,,#sos #hklaw #ccp #usa  #China_is_terrorist #BoycottChina #Hongkong #Hk #香港デモ #Hongkongprotest #antiEALB #antichinazi #freedom #StandWithHongKong #FreeHongKong #NoChinaExtradition #BoycottMulan #HongKongPolice  #HKPoliceTerrorism  #HongKongProtests,und,[],[],[],0,0,1,"['sos', 'hklaw', 'ccp', 'usa', 'china_is_terrorist', 'boycottchina', 'hongkong', 'hk', '香港デモ', 'hongkongprotest', 'antiealb', 'antichinazi', 'freedom', 'standwithhongkong', 'freehongkong', 'nochinaextradition', 'boycottmulan', 'hongkongpolice', 'hkpoliceterrorism', 'hongkongprotests']",[],https://twitter.com/FreedomHkG101/status/1267987282474065920,False,https://twitter.com/studioincendo/status/1267847826358145029,0,,,,,,,,[],,,,
1267732592666632192,1267732592666632192,2020-06-02 04:19:38 Eastern Daylight Time,2020-06-02,04:19:38,-0400,1190691221166940161,freedomhkg101,FreedomHKG101,,#sos #hklaw #ccp #usa  #China_is_terrorist #BoycottChina #Hongkong #Hk #香港デモ #Hongkongprotest #antiEALB #antichinazi #freedom #StandWithHongKong #FreeHongKong #NoChinaExtradition #BoycottMulan #HongKongPolice  #HKPoliceTerrorism  #HongKongProtests  https://t.co/vd8tHpasPb,und,[],[],"['https://pbs.twimg.com/media/EZfkEVdVAAE_hYJ.jpg', 'https://pbs.twimg.com/media/EZfkEVcUMAMIILQ.jpg']",0,0,2,"['sos', 'hklaw', 'ccp', 'usa', 'china_is_terrorist', 'boycottchina', 'hongkong', 'hk', '香港デモ', 'hongkongprotest', 'antiealb', 'antichinazi', 'freedom', 'standwithhongkong', 'freehongkong', 'nochinaextradition', 'boycottmulan', 'hongkongpolice', 'hkpoliceterrorism', 'hongkongprotests']",[],https://twitter.com/FreedomHkG101/status/1267732592666632192,False,,1,https://pbs.twimg.com/media/EZfkEVdVAAE_hYJ.jpg,,,,,,,[],,,,
1267422348518383616,1267422348518383616,2020-06-01 07:46:50 Eastern Daylight Time,2020-06-01,07:46:50,-0400,1190691221166940161,freedomhkg101,FreedomHKG101,,#sos #hklaw #ccp #China_is_terrorist #BoycottChina #Hongkong #Hk #香港デモ #Hongkongprotest #antiEALB #antichinazi #freedom #StandWithHongKong #FreeHongKong #NoChinaExtradition #BoycottMulan #HongKongPolice  #HKPoliceTerrorism  #HongKongProtests,und,[],[],[],0,0,2,"['sos', 'hklaw', 'ccp', 'china_is_terrorist', 'boycottchina', 'hongkong', 'hk', '香港デモ', 'hongkongprotest', 'antiealb', 'antichinazi', 'freedom', 'standwithhongkong', 'freehongkong', 'nochinaextradition', 'boycottmulan', 'hongkongpolice', 'hkpoliceterrorism', 'hongkongprotests']",[],https://twitter.com/FreedomHkG101/status/1267422348518383616,False,https://twitter.com/OzraeliAvi/status/1267333718705725440,0,,,,,,,,[],,,,
1267302251481137152,1267302251481137152,2020-05-31 23:49:36 Eastern Daylight Time,2020-05-31,23:49:36,-0400,1249626704424734721,techino_tech4u,Techino Tech4U,,‘Remove China Apps’ crosses 1 million downloads as anti-China sentiment gains momentum @Techino_Tech4u  #china  #chinaapp  #antichina  #nochinaextradition  https://t.co/a1XMw5Qm4R,en,"[{'screen_name': 'techino_tech4u', 'name': 'techino tech4u', 'id': '1249626704424734721'}]",['https://www.instagram.com/p/CA4MMp-nLnQ/?igshid=bymioejzju9f'],[],0,0,0,"['china', 'chinaapp', 'antichina', 'nochinaextradition']",[],https://twitter.com/Techino_Tech4u/status/1267302251481137152,False,,0,,,,,,,,[],,,,
